parking_ID,parking_name,parking_adr,parking_lat,parking_lng,parking_area,parking_pay,parking_time ,C,D,floating_people,land_grade,ppi,ppg,ppr
417-1-000001,마산역공영주차장,경상남도 창원시 마산회원구 석전동 267,35.234583,128.579395,147,기본 30분 500원 / 추가 10분당 200원,8시~24시,10,4743,5686.650238,1,2.241234236,F,5
417-1-000002,산호천공영주차장,경상남도 창원시 마산회원구 산호천서길 234 일원,35.222183,128.589301,123,기본 30분 500원 / 추가 10분당 200원,8시~24시,0,851,6009.410952,1,109.0955054,C,3
415-1-000032,반월로 노상주차장,경상남도 창원시 성산구 신촌동 190,35.210728,128.62964,,무료,24시간,0,0,1360.045952,1,187.9748703,A,1
415-1-000003,외동반림동 74번길 노상주차장,경상남도 창원시 성산구 외동반림로74번길,35.226406,128.673552,86,무료,24시간,0,371,357.3247619,1,182.0028347,A,1
415-1-000016,가양로 노상주차장,경상남도 창원시 성산구 가음동 502-3,35.208822,128.699654,81,무료,24시간,0,839,2458.285833,1,174.1007768,A,1
415-1-000015,원이대로 883번길 노상주차장,경상남도 창원시 성산구 원이대로883번길,35.20684,128.69675,30,무료,24시간,0,2063,1288.662976,1,180.4393367,A,1
415-1-000014,가음로 13번길 노상주차장,경상남도 창원시 성산구 남양동 503-1,35.211986,128.699686,178,무료,24시간,0,961,1899.649643,1,161.4805446,A,1
415-1-000013,가양로(개나리 4차아파트 옆) 노상주차장,경상남도 창원시 성산구 남양동 504,35.208744,128.703626,104,무료,24시간,0,3178,1770.557381,1,163.8853862,A,1
415-1-000012,비음로 노상주차장,경상남도 창원시 성산구 대방동 263,35.216667,128.710714,36,무료,24시간,0,17,31.84523809,1,191.6283485,A,1
415-1-000011,가양로 136번길 노상주차장,경상남도 창원시 성산구 가양로136번길,35.208375,128.708254,34,무료,24시간,7,3983,4652.331548,1,99.01461275,C,3
415-1-000010,토월로 노상주차장,경상남도 창원시 성산구 상남동 98-4,35.2175,128.682602,24,무료,24시간,3,10526,780.4825,1,123.1302504,B,2
415-1-000009,외동반림로 노상주차장,경상남도 창원시 성산구 중앙동 507-7,35.223887,128.67632,10,무료,24시간,3,7777,1657.880714,1,133.0385681,B,2
415-1-000008,남면로 노상주차장,경상남도 창원시 성산구 가음정동 390,35.205552,128.680357,330,무료,24시간,0,19,266.8697619,1,148.5777031,B,2
415-1-000007,성산패총로(성산패총입구) 노상주차장,경상남도 창원시 성산구 외동 854,35.208117,128.675991,86,무료,24시간,0,1,954.0470236,1,181.5176501,A,1
415-1-000006,삼동로 128번길(월드메르디앙 옆) 노상주차장,경상남도 창원시 성산구 삼동로128번길,35.224637,128.656821,67,무료,24시간,0,21,5237.365714,1,170.3207763,A,1
415-1-000005,삼동로 128번길(효성사원아파트 옆) 노상주차장,경상남도 창원시 성산구 삼동로128번길,35.221075,128.663065,67,무료,24시간,0,103,1333.257024,1,182.6257165,A,1
415-1-000004,연덕로 184번길 노상주차장,경상남도 창원시 성산구 연덕로184번길,35.218317,128.667591,32,무료,24시간,0,430,3265.564405,1,180.1340904,A,1
415-1-000017,가음정로 노상주차장,경상남도 창원시 성산구 가음동 511,35.202556,128.700443,79,무료,24시간,0,611,1168.012143,1,179.4510084,A,1
415-1-000031,반월로 67번길 노상주차장,경상남도 창원시 성산구 반월로67번길,35.20718,128.638797,135,무료,24시간,0,0,542.9384524,1,175.803857,A,1
415-1-000030,월림로 노상주차장,경상남도 창원시 성산구 신촌동 190,35.210728,128.62964,131,무료,24시간,0,0,1360.045952,1,173.7367787,A,1
415-1-000029,월림로 67번길 노상주차장,경상남도 창원시 성산구 월림로67번길,35.207558,128.640177,58,무료,24시간,0,0,1234.49,1,184.6415952,A,1
415-1-000028,월림로 65번길 노상주차장,경상남도 창원시 성산구 월림로65번길,35.211132,128.64207,213,무료,24시간,0,0,156.2104762,1,165.836564,A,1
415-1-000027,공단로 166번길 노상주차장,경상남도 창원시 성산구 공단로166번길,35.211735,128.644228,69,무료,24시간,0,0,377.1321428,1,185.8321009,A,1
415-1-000026,공단로 271번길 노상주차장,경상남도 창원시 성산구 공단로271번길,35.215415,128.654738,145,무료,24시간,0,27,58.44285714,1,175.8270145,A,1
415-1-000025,연덕로 15번길 노상주차장,경상남도 창원시 성산구 연덕로15번길,35.207709,128.653722,154,무료,24시간,0,24,1609.037262,1,169.5300569,A,1
415-1-000024,연덕로(강림중공업 옆) 노상주차장,경상남도 창원시 성산구 웅남동 69,35.209829,128.658232,106,무료,24시간,0,337,474.0358333,1,178.8817703,A,1
415-1-000023,완암로(테크노파크 옆) 노상주차장,경상남도 창원시 성산구 웅남동 514,35.204153,128.660401,95,무료,24시간,0,105,103.5129762,1,182.5677083,A,1
415-1-000022,완암로(윤성정밀 옆) 노상주차장,경상남도 창원시 성산구 웅남동 69,35.209829,128.658232,82,무료,24시간,0,337,474.0358333,1,182.3334289,A,1
415-1-000001,창원천로 노상주차장,경상남도 창원시 성산구 반지동 512-4,35.245075,128.671016,76,무료,24시간,0,1542,4918.810238,1,164.1185198,A,1
415-1-000021,공단로 474번길 노상주차장,경상남도 창원시 성산구 공단로474번길,35.200634,128.674117,53,무료,24시간,0,119,1422.765833,1,184.2872668,A,1
415-1-000020,공단로 473번길 노상주차장,경상남도 창원시 성산구 공단로473번길,35.200634,128.674117,187,무료,24시간,0,119,1422.765833,1,165.0155065,A,1
415-1-000019,성산패총로(한화테크 옆) 노상주차장,경상남도 창원시 성산구 성산동 518,35.200634,128.674117,106,무료,24시간,0,119,1422.765833,1,176.6648541,A,1
415-1-000018,성주동 519-1 노상주차장,경상남도 창원시 성산구 성주동 519-1,35.193016,128.683001,80,무료,24시간,0,0,104.7411905,1,185.1309461,A,1
415-1-000002,까치아파트옆 노상주차장,경상남도 창원시 성산구 반지동 512-7,35.244862,128.667064,78,무료,24시간,0,101,2264.647619,1,178.0395921,A,1
415-1-000037,충혼로 72번길 노상주차장,경상남도 창원시 성산구 충혼로72번길,35.223887,128.67632,160,무료,24시간,3,7777,1657.880714,1,111.4657021,C,3
415-1-000036,가음로 15번길 노상주차장,경상남도 창원시 성산구 가음로15번길,35.211943,128.70193,34,무료,24시간,0,1792,2334.898095,1,177.5387464,A,1
415-1-000035,공단로 103번길 노상주차장,경상남도 창원시 성산구 공단로103번길,35.215213,128.635255,65,무료,24시간,0,0,11.85535715,1,187.588606,A,1
415-1-000034,적현로 279번길 노상주차장,경상남도 창원시 성산구 적현로279번길,35.198914,128.606051,128,무료,24시간,0,0,35.55190476,1,178.4513726,A,1
415-1-000033,신촌로 노상주차장,경상남도 창원시 성산구 신촌동 42,35.207501,128.626427,21,무료,24시간,3,1354,5398.770595,1,144.4348734,B,2
414-1-000106,금강로379번길(소계동746번지 도로부지 일대) 공영주차장,경상남도 창원시 의창구 금강로379번길,35.259142,128.601931,52,무료,24시간,0,35,553.7985714,1,187.5690825,A,1
414-1-000105,남산로1번길(임진각식당 인근) 공영주차장,경상남도 창원시 의창구 남산로1번길(임진각식당 인근),35.261259,128.617877,99,무료,24시간,0,646,2411.298333,1,172.417458,A,1
414-1-000120,대산북로(대산면 모산리 143-4번지) 공영주차장,경상남도 창원시 의창구 대산북로,35.357511,128.71272,33,무료,24시간,0,0,741.1919048,1,189.8322956,A,1
414-1-000094,현대아파트~동양상가 공영주차장,경상남도 창원시 의창구 대원로 93번길(현대아파트~동양상가),35.235523,128.649553,73,무료,24시간,0,200,425.9345238,1,184.3182022,A,1
414-1-000127,도계로163번걸(명서동19-20~19-11) 공영주차장,경상남도 창원시 의창구 도계로163번걸,35.251506,128.640476,21,무료,24시간,0,249,3603.514286,1,181.3298704,A,1
414-1-000128,도계로163번걸 맞은편(위브공원앞 하천길) 공영주차장,경상남도 창원시 의창구 도계로163번걸 맞은편(위브공원앞 하천길),35.251506,128.640476,21,무료,24시간,0,249,3603.514286,1,181.3298704,A,1
414-1-000115,명서로(명서동132-10번지~명서동145-18번지 앞) 공영주차장,경상남도 창원시 의창구 명서로,35.245394,128.645913,55,무료,24시간,0,307,784.1290476,1,185.330889,A,1
414-1-000112,명서로(명서동34-7번지~명서동 151-8번지) 공영주차장,경상남도 창원시 의창구 명서로,35.251287,128.648274,37,무료,24시간,0,627,612.0745238,1,187.2267324,A,1
414-1-000129,명지로14번길(명서동 18-24~18-13) 공영주차장,경상남도 창원시 의창구 명지로14번길,35.250538,128.641914,26,무료,24시간,0,289,874.4094048,1,189.2799678,A,1
414-1-000126,무역로581번길(농산물도매시장 앞) 공영주차장,경상남도 창원시 의창구 무역로581번길(농산물도매시장 앞),35.229949,128.6382,23,무료,24시간,0,816,3144.077976,1,180.3143693,A,1
414-1-000096,반계로(동서식품 창원공장)  공영주차장,경상남도 창원시 의창구 반계로(동서식품 창원공장),35.251879,128.615112,98,무료,24시간,1,3870,1953.128571,1,152.5311289,B,2
414-1-000119,봉강가술로394번길 공영주차장,경상남도 창원시 의창구 봉강가술로394번길,35.341192,128.694465,10,무료,24시간,0,0,181.6819047,1,194.9494733,A,1
414-1-000116,봉곡로23번길(봉곡동70-5번지~봉곡동70-8번지) 공영주차장,경상남도 창원시 의창구 봉곡로23번길,35.247982,128.659437,6,무료,24시간,0,144,380.5057143,1,194.3196152,A,1
414-1-000121,"상남로(창원중앙역진입도로, 창원대~창원중앙역) 공영주차장","경상남도 창원시 의창구 상남로(창원중앙역진입도로, 창원대~창원중앙역)",35.242675,128.70159,151,무료,24시간,3,7101,339.3736904,1,119.6629727,C,3
414-1-000141,용지호수앞 공영주차장,경상남도 창원시 의창구 용지로169번길,35.230311,128.680949,90,기본 30분 500원 / 추가 10분당 200원,8시~24시,3,3587,6144.082857,1,75.94905202,D,4
414-1-000110,우곡로(명서동12-1번지~명서동12-8번지) 공영주차장,경상남도 창원시 의창구 우곡로,35.251113,128.63732,12,무료,24시간,0,381,739.9991667,1,191.3689193,A,1
414-1-000136,경남은행명곡지점 공영주차장,경상남도 창원시 의창구 원이대로 265,35.2435,128.649313,38,기본 30분 500원 / 추가 10분당 200원,8시~24시,0,3140,7703.590714,1,106.905187,C,3
414-1-000123,원이대로114번길(곰두리체육센터 앞) 공영주차장,경상남도 창원시 의창구 원이대로114번길(곰두리체육센터 앞),35.252804,128.636848,25,무료,24시간,0,509,2977.234047,1,181.764806,A,1
414-1-000124,원이대로114번길(서부경찰서 뒤편) 공영주차장,경상남도 창원시 의창구 원이대로114번길(서부경찰서 뒤편),35.251693,128.636869,51,무료,24시간,0,379,906.0720236,1,185.2307374,A,1
414-1-000130,원이대로215번길(명서동 39-1~82-12) 공영주차장,경상남도 창원시 의창구 원이대로215번길,35.248785,128.642294,26,무료,24시간,0,532,9915.053807,1,159.095737,B,2
414-1-000131,원이대로219번길(명서동 38-1~132-1) 공영주차장,경상남도 창원시 의창구 원이대로219번길,35.249434,128.643464,53,무료,24시간,0,829,2604.038571,1,177.6954182,A,1
414-1-000113,원이대로220번길(명서동131-12번지 ~ 105-15번지) 공영주차장,경상남도 창원시 의창구 원이대로220번길,35.245089,128.644558,47,무료,24시간,0,124,2246.841309,1,182.4657736,A,1
414-1-000114,원이대로224번길(명서동181-1번지~명서동191-14번지 앞) 공영주차장,경상남도 창원시 의창구 원이대로224번길,35.244793,128.645291,62,무료,24시간,0,161,473.162381,1,185.8997445,A,1
414-1-000135,용호상가 공영주차장,경상남도 창원시 의창구 원이대로579번길 8,35.229093,128.679322,123,기본 30분 500원 / 추가 10분당 200원,8시~24시,3,4654,5433.279881,1,69.33601194,D,4
414-1-000109,원이대로81번길(도계동346-11번지~도계동397-5번지) 공영주차장,경상남도 창원시 의창구 원이대로81번길,35.255745,128.636059,54,무료,24시간,0,1692,4577.162976,1,167.8017517,A,1
414-1-000108,"정렬대로(동정동 산30-8번지, 국도 출구 램프구간) 공영주차장",경상남도 창원시 의창구 정렬대로,35.268887,128.613307,8,무료,24시간,0,0,158.4535714,1,195.3122271,A,1
414-1-000104,죽전로(죽전사거리~사화로 접합부) 공영주차장,경상남도 창원시 의창구 죽전로(죽전사거리~사화로 접합부),35.245538,128.621571,56,무료,24시간,0,154,823.2138096,1,185.6579942,A,1
414-1-000098,죽전로(죽전사거리~죽전로삼거리) 공영주차장,경상남도 창원시 의창구 죽전로(죽전사거리~죽전로삼거리),35.24401,128.620244,122,무료,24시간,0,143,627.947381,1,176.8403283,A,1
414-1-000102,죽전로74번길(코리아펀치~㈜마스터) 공영주차장,경상남도 창원시 의창구 죽전로74번길(코리아펀치~㈜마스터),35.245261,128.626045,100,무료,24시간,0,889,1383.551191,1,174.6484793,A,1
414-1-000142,중심업무지구 공영주차장,"경상남도 창원시 의창구 중앙대로160,186,210번길",35.231581,128.688171,361,기본 30분 500원 / 추가 10분당 200원,8시~24시,0,537,3404.232024,1,84.51702636,C,3
414-1-000139,시청뒷길 공영주차장,경상남도 창원시 의창구 중앙대로161번길,35.228771,128.682556,65,기본 30분 500원 / 추가 10분당 200원,8시~24시,1,9320,2549.445476,1,86.63741882,C,3
414-1-000117,지귀로73번길(봉곡동10-10번지~봉곡동3-15번지) 공영주차장,경상남도 창원시 의창구 지귀로73번길,35.247581,128.654266,34,무료,24시간,0,1476,1231.789405,1,182.3396419,A,1
414-1-000122,"지귀로95번길(봉곡동 502-6, 코오롱아파트 앞) 공영주차장",경상남도 창원시 의창구 지귀로95번길(코오롱아파트 앞),35.24681,128.658306,19,무료,24시간,0,326,501.8795238,1,191.3469362,A,1
414-1-000095,차룡단지로 177~평산로 접합부 공영주차장,경상남도 창원시 의창구 차룡단지로(차룡단지로 177~평산로 접합부),35.237758,128.629971,346,무료,24시간,0,29,116.2964286,1,146.7244798,B,2
414-1-000103,차룡로(차룡사거리~사화로 접합부) 공영주차장,경상남도 창원시 의창구 차룡로(차룡사거리~사화로 접합부),35.242594,128.626793,70,무료,24시간,0,64,7122.216547,1,163.6262326,A,1
414-1-000100,차룡로(차룡사거리~차룡삼거리) 공영주차장,경상남도 창원시 의창구 차룡로(차룡사거리~차룡삼거리),35.242743,128.626358,58,무료,24시간,0,70,7500.662857,1,164.1048215,A,1
414-1-000101,차룡로48번길(LPG가스충전소~임시화물터미널) 공영주차장,경상남도 창원시 의창구 차룡로48번길(LPG가스충전소~임시화물터미널),35.242021,128.632219,139,무료,24시간,0,185,789.3111905,1,173.7096175,A,1
414-1-000133,차상로(팔용동87-1~87-16) 공영주차장,경상남도 창원시 의창구 차상로(팔용동87-1~87-16),35.253696,128.614122,31,무료,24시간,1,513,3346.884166,1,170.7657164,A,1
414-1-000099,창원대로204번길(죽전삼거리~차룡단지로 접합부) 공영주차장,경상남도 창원시 의창구 창원대로204번길(죽전삼거리~차룡단지로 접합부),35.239803,128.621456,62,무료,24시간,0,44,70.52047619,1,187.6585754,A,1
414-1-000140,용원2길 공영주차장,경상남도 창원시 의창구 창원대로397번길,35.235554,128.642753,36,기본 30분 500원 / 추가 10분당 200원,8시~24시,0,11201,5253.644286,1,83.64507129,C,3
414-1-000107,"천주로(소답동 740번지, 국도 진입부 램프구간) 공영주차장",경상남도 창원시 의창구 천주로,35.270753,128.615072,70,무료,24시간,0,0,794.2914286,1,184.339276,A,1
414-1-000125,천주로(북창원IC입구) 공영주차장,경상남도 창원시 의창구 천주로(북창원IC입구),35.286422,128.605599,31,무료,24시간,0,518,86.64738095,1,190.2143075,A,1
414-1-000111,태복산로(명서동24-1번지~명서동24-14 맞은편) 공영주차장,경상남도 창원시 의창구 태복산로,35.252922,128.64061,5,무료,24시간,0,1822,2889.781072,1,179.7980042,A,1
414-1-000132,태복산로13번길(도계동 892 앞) 공영주차장,경상남도 창원시 의창구 태복산로13번길(도계동 892 앞),35.255123,128.638414,8,무료,24시간,0,1050,2673.906191,1,183.0785506,A,1
414-1-000097,평산로(평산사거리~차룡단지로 접합부) 공영주차장,경상남도 창원시 의창구 평산로(평산사거리~차룡단지로 접합부),35.249011,128.616806,142,무료,24시간,0,415,3875.287976,1,162.4008307,A,1
417-2-000002,삼계공영주차장,경상남도 창원시 마산회원구 내서읍 삼계6길 26,35.233368,128.503367,96,기본 30분 500원 / 추가 10분당 200원,8시~24시,3,11840,9259.432619,1,32.79180686,F,5
417-2-000015,신감마을공영주차장,경상남도 창원시 마산회원구 내서읍 신감리 1207-10,35.205255,128.510843,84,무료,24시간,0,0,504.1535714,1,183.2640536,A,1
417-2-000013,신목마을공영주차장,경상남도 창원시 마산회원구 내서읍 신감리 454,35.191941,128.494233,34,무료,24시간,0,0,43.79392857,1,191.9437156,A,1
417-2-000014,안성마을공영주차장,경상남도 창원시 마산회원구 내서읍 안성리 472-4,35.264748,128.550702,35,무료,24시간,0,0,197.0094048,1,191.3044297,A,1
417-2-000007,중리1공영주차장,경상남도 창원시 마산회원구 내서읍 중리 1041-1,35.249769,128.50978,18,무료,24시간,0,754,1752.341428,1,185.7760993,A,1
417-2-000008,중리2공영주차장,경상남도 창원시 마산회원구 내서읍 중리 1049-2,35.247289,128.508086,41,무료,24시간,0,1133,1670.587381,1,181.2530088,A,1
417-2-000011,봉암공단공영주차장,경상남도 창원시 마산회원구 봉암동 659,35.216283,128.595582,522,무료,24시간,0,5,126.7215476,1,121.4723011,B,2
417-2-000006,마산역번개시장공영주차장,경상남도 창원시 마산회원구 석전동16길 13,35.236508,128.578594,44,기본 30분 500원 / 추가 10분당 200원,8시~24시,1,6233,1367.332857,1,105.5320587,C,3
417-2-000004,합성2동공영주차장,경상남도 창원시 마산회원구 합성남2길 60,35.239226,128.58719,22,기본 30분 500원 / 추가 10분당 200원,8시~24시,0,10594,2133.801191,1,98.11720332,C,3
417-2-000012,현대프라자 앞 공영주차장,경상남도 창원시 마산회원구 호계리 804,35.256494,128.521814,94,무료,24시간,0,471,1577.509047,1,176.5160584,A,1
417-2-000001,회성동공영주차장,경상남도 창원시 마산회원구 회성남3길 6 일원,35.234247,128.557401,67,기본 30분 500원 / 추가 10분당 200원,8시~24시,0,94,7486.737976,1,115.327358,C,3
417-2-000003,회원공영주차장,경상남도 창원시 마산회원구 회원동16길 54,35.220292,128.570989,34,기본 30분 500원 / 추가 10분당 200원,8시~24시,2,135,5389.451309,1,108.8451341,C,3
417-2-000010,삼계2공영주차장,경상남도 창원시 마산회원구 내서읍 삼계리 32-4,35.230771,128.504236,33,무료,24시간,1,1330,4623.34619,1,163.1606764,A,1
417-2-000005,합성동상가공영주차장,경상남도 창원시 마산회원구 합성남로 22,35.23743,128.584833,33,기본 30분 500원 / 추가 10분당 200원,8시~24시,0,14586,3687.145714,1,75.9271231,D,4
417-2-000009,삼계1공영주차장,경상남도 창원시 마산회원구 삼계리 33-6,35.23073,128.503841,33,무료,24시간,1,8048,3234.772738,1,141.4237737,B,2
415-2-000116,남양동 40-4 임시 공영주차장,경상남도 창원시 성산구 남양동 40-4,35.204103,128.704444,25,무료,24시간,0,1018,1445.840357,1,184.7298626,A,1
415-2-000115,남양동 31-6 공영주차장,경상남도 창원시 성산구 남양동 31-6,35.207503,128.704089,34,무료,24시간,3,2652,694.6011904,1,152.7100963,B,2
415-2-000114,대방동 394-2  공영주차장,경상남도 창원시 성산구 대방동 394-2,35.214494,128.709934,42,무료,24시간,0,1775,948.4389286,1,180.9380808,A,1
415-2-000113,가음정동주민센터앞공영주차장,경상남도 창원시 성산구 남양동 502-5,35.212098,128.699626,148,무료,24시간,0,1085,2202.294286,1,164.3323289,A,1
415-2-000112,가음동 41-9 공영주차장,경상남도 창원시 성산구 가음동 41-9,35.204828,128.700324,43,무료,24시간,0,667,466.78,1,186.6775087,A,1
415-2-000111,가음동 37-5 공영주차장,경상남도 창원시 성산구 가음동 37-5,35.205479,128.702716,45,무료,24시간,3,1121,1357.772143,1,154.9605966,B,2
415-2-000110,가음동 체육공원 공영주차장,경상남도 창원시 성산구 가음동 31,35.207441,128.690041,76,무료,24시간,0,0,319.2434524,1,185.0125671,A,1
415-2-000109,장미공원 공영주차장,경상남도 창원시 성산구 가음동 31,35.207441,128.690041,94,무료,24시간,0,0,319.2434524,1,182.4238232,A,1
415-2-000108,기업사랑공원 공영주차장,경상남도 창원시 성산구 가음동 30,35.205875,128.693422,16,무료,24시간,0,4025,1310.904524,1,174.7211772,A,1
415-2-000107,남산녹지공원 공영주차장,경상남도 창원시 성산구 가음동 29,35.204398,128.695558,103,무료,24시간,0,34,499.542381,1,180.4136652,A,1
415-2-000106,가음동 24-2 임시 공영주차장,경상남도 창원시 성산구 가음동 24-2,35.206529,128.696875,60,무료,24시간,0,1978,1468.972381,1,175.873523,A,1
415-2-000105,가음동 22-6 임시 공영주차장,경상남도 창원시 성산구 가음동 22-6,35.208062,128.695883,52,무료,24시간,0,1258,1808.203571,1,178.7379732,A,1
415-2-000104,가음동 18 임시 공영주차장,경상남도 창원시 성산구 가음동 18,35.206047,128.699432,112,무료,24시간,0,1570,1038.14,1,171.3809946,A,1
415-2-000103,가음동 20-6 임시 공영주차장,경상남도 창원시 성산구 가음동 20-6,35.20677,128.699005,136,무료,24시간,0,1550,1005.394643,1,168.1133083,A,1
415-2-000102,가음동 20-2 임시 공영주차장,경상남도 창원시 성산구 가음동 20-2,35.207331,128.699259,62,무료,24시간,0,881,1616.919881,1,179.3901721,A,1
415-2-000101,가음동 19-1 임시 공영주차장,경상남도 창원시 성산구 가음동 19-1,35.204825,128.698373,41,무료,24시간,0,1124,4583.020595,1,171.8699455,A,1
415-2-000176,성주동 111-1 임시주차장,경상남도 창원시 성산구 성주동 111-1,35.1997044,128.710627,28,무료,24시간,0,901,1871.25119,1,183.3794869,A,1
415-2-000175,천선일반산단 공영주차장(2),경상남도 창원시 성산구 천선동 89-4,35.1843,128.7065,34,무료,24시간,0,850,175.8477381,1,188.1982576,A,1
415-2-000174,천선일반산단 공영주차장(1),경상남도 창원시 성산구 천선동 83-2,35.186545,128.7084551,34,무료,24시간,0,0,63.515,1,191.8799418,A,1
415-2-000160,용호마을 공영주차장,경상남도 창원시 성산구 귀곡동 754-4,35.178807,128.620659,44,무료,24시간,0,0,550.9314286,1,188.865548,A,1
415-2-000159,웅남주민쉼터 공영주차장,경상남도 창원시 성산구 양곡동 산47-11,35.197853,128.633236,7,무료,24시간,0,0,0,1,195.9684519,A,1
415-2-000090,사파동 90-1 임시 공영주차장,경상남도 창원시 성산구 사파동 90-1,35.221078,128.70296,12,무료,24시간,0,94,518.3428572,1,193.2061654,A,1
415-2-000089,창원지방법원옆 공영주차장,경상남도 창원시 성산구 사파동 64-2,35.223936,128.702709,152,무료,24시간,0,470,952.0582143,1,170.2010314,A,1
415-2-000088,토월초등학교뒤 임시 공영주차장,경상남도 창원시 성산구 사파동 46-3,35.228242,128.700894,65,무료,24시간,0,67,818.2905953,1,184.7191933,A,1
415-2-000087,사파동 39-18  임시 공영주차장,경상남도 창원시 성산구 사파동 39-18,35.22976,128.703639,23,무료,24시간,0,0,280.4894048,1,192.7603022,A,1
415-2-000086,사파동 30-22  임시 공영주차장,경상남도 창원시 성산구 사파동 30-22,35.229822,128.699544,14,무료,24시간,0,0,837.8363095,1,192.2523309,A,1
415-2-000085,사파동 8  임시 공영주차장,경상남도 창원시 성산구 사파동 8,35.226099,128.699788,22,무료,24시간,0,168,1730.620714,1,187.5588234,A,1
415-2-000084,창원지방검찰청옆 공영주차장,경상남도 창원시 성산구 사파동 6,35.226301,128.700403,49,무료,24시간,0,180,990.9777379,1,186.0207098,A,1
415-2-000083,가음정천복개(대방동) 공영주차장,경상남도 창원시 성산구 대방동 394-2,35.214494,128.709934,18,무료,24시간,0,1775,948.4389286,1,184.3897394,A,1
415-2-000082,남양치안센터옆 공영주차장,경상남도 창원시 성산구 대방동 344-1,35.21534,128.709164,39,무료,24시간,0,1902,2324.699762,1,176.4231871,A,1
415-2-000081,대방동우체국옆 공영주차장,경상남도 창원시 성산구 대방동 338-2,35.21643,128.707974,60,무료,24시간,0,1521,745.8757143,1,179.996007,A,1
415-2-000080,창원노인종합복지회관 공영주차장,경상남도 창원시 성산구 대방동 330,35.216569,128.705023,159,무료,24시간,0,1002,480.5378572,1,168.6421531,A,1
415-2-000079,대방체육공원 공영주차장,경상남도 창원시 성산구 대방동 263,35.216667,128.710714,47,무료,24시간,0,17,31.84523809,1,190.0463383,A,1
415-2-000078,상남동 토월천사거리 공영주차장,경상남도 창원시 성산구 상남동 502-1,35.217094,128.680841,36,무료,24시간,3,8217,534.2939286,1,131.2149436,B,2
415-2-000077,상남동 93-2 임시 공영주차장,경상남도 창원시 성산구 상남동 93-2,35.217021,128.68482,20,무료,24시간,0,2458,2225.545119,1,177.305756,A,1
415-2-000076,상남동 94-2 임시 공영주차장,경상남도 창원시 성산구 상남동 94-2,35.21725,128.684463,53,무료,24시간,0,2641,2024.107976,1,172.496694,A,1
415-2-000075,상남동 58-2 임시 공영주차장,경상남도 창원시 성산구 상남동 58-2,35.216443,128.683404,11,무료,24시간,3,8888,927.1621429,1,130.920365,B,2
415-2-000074,중앙여고옆 임시 공영주차장,경상남도 창원시 성산구 상남동 45-5,35.21407,128.692836,26,무료,24시간,0,4347,2559.107976,1,167.9894604,A,1
415-2-000073,대상공원(외동배수지 앞) 공영주차장,경상남도 창원시 성산구 내동 628,35.218735,128.661413,35,무료,24시간,0,161,628.7745238,1,189.2796432,A,1
415-2-000072,"중앙동 3-2,3 임시 공영주차장",경상남도 창원시 성산구 중앙동 3-2,35.230268,128.674781,20,무료,24시간,0,1,8092.239286,1,167.9262911,A,1
415-2-000071,중앙동 155-6 임시 공영주차장,경상남도 창원시 성산구 중앙동 155-6,35.219792,128.673223,12,무료,24시간,0,2324,744.1702381,1,183.769905,A,1
415-2-000070,중앙동 2-6 임시 공영주차장,경상남도 창원시 성산구 중앙동 2-6,35.230973,128.673577,10,무료,24시간,0,0,1581.411666,1,190.4230402,A,1
415-2-000069,중앙체육공원 공영주차장,경상남도 창원시 성산구 상남동 68,35.216284,128.675261,44,무료,24시간,0,552,448.2803571,1,187.0424768,A,1
415-2-000068,중앙동 157-1 공영주차장,경상남도 창원시 성산구 중앙동 157-1,35.219728,128.671863,5,무료,24시간,0,49,114.0417857,1,195.6960055,A,1
415-2-000067,중앙동 156-1 공영주차장,경상남도 창원시 성산구 중앙동 156-1,35.219928,128.67246,6,무료,24시간,0,232,219.3398809,1,194.4972373,A,1
415-2-000066,중앙동 153-1 공영주차장,경상남도 창원시 성산구 중앙동 153-1,35.220768,128.673364,15,무료,24시간,0,215,1110.699524,1,190.3867633,A,1
415-2-000065,중앙동주민센터옆 공영주차장,경상남도 창원시 성산구 용지로21번길,35.22124,128.673402,8,무료,24시간,5,215,1518.214286,1,145.449741,B,2
415-2-000064,중앙동 82-5 임시 공영주차장,경상남도 창원시 성산구 중앙동 119,35.223887,128.67632,72,무료,24시간,3,7777,1657.880714,1,124.1217835,B,2
415-2-000063,중앙동 102-3  차량 견인보관소,경상남도 창원시 성산구 중앙대로21번길,35.219253,128.673961,64,무료,24시간,3,2873,2684.995,1,141.0962159,B,2
415-2-000062,중앙동 86-6 임시 공영주차장,경상남도 창원시 성산구 용지로121번길,35.226218,128.678912,7,무료,24시간,1,5535,8292.730238,1,138.6175162,B,2
415-2-000061,중앙동 88-5 임시 공영주차장,경상남도 창원시 성산구 용지로123번길,35.226672,128.679295,7,무료,24시간,1,5299,9944.401312,1,134.1977082,B,2
415-2-000060,중앙동 82-1 임시 공영주차장,경상남도 창원시 성산구 원이대로580번길,35.225572,128.677587,7,무료,24시간,1,5268,18026.34572,1,108.1834161,C,3
415-2-000059,중앙동 68  임시 공영주차장,경상남도 창원시 성산구 원이대로580번길,35.225351,128.677561,10,무료,24시간,0,2816,17982.25809,1,126.3923928,B,2
415-2-000058,중앙동 삼각지 공영주차장,경상남도 창원시 성산구 용지로107번길,35.225312,128.678179,15,무료,24시간,0,2989,5547.042381,1,165.2107858,A,1
415-2-000057,중앙동 66-1 임시공영주차장,경상남도 창원시 성산구 원이대로580번길,35.225369,128.67724,18,무료,24시간,0,2100,17791.38167,1,128.6543783,B,2
415-2-000056,중앙동 27-6 임시 공영주차장,경상남도 창원시 성산구 원이대로552번길,35.227129,128.674791,7,무료,24시간,0,515,1177.228929,1,190.1509656,A,1
415-2-000055,중앙동 16-4 임시 공영주차장,경상남도 창원시 성산구 외동반림로130번길,35.229025,128.674183,12,무료,24시간,0,0,617.4257143,1,193.2527308,A,1
415-2-000054,중앙동 6-8 임시 공영주차장,경상남도 창원시 성산구 외동반림로142번길,35.229619,128.675426,12,무료,24시간,0,4,7711.94381,1,170.2949279,A,1
415-2-000158,귀산동 505-1 공영주차장,경상남도 창원시 성산구 귀산동 505-1,35.163985,128.610927,40,무료,24시간,0,0,22.04690476,1,191.1511263,A,1
415-2-000157,웅남공단 공영주차장(2),경상남도 창원시 성산구 신촌동 503-13,35.209567,128.6483,52,무료,24시간,0,2,39.21678571,1,189.3619652,A,1
415-2-000156,웅남공단 공영주차장,경상남도 창원시 성산구 신촌동 121,35.213083,128.646514,180,무료,24시간,0,36,169.5328572,1,170.3989678,A,1
415-2-000155,봉산마을 공영주차장,경상남도 창원시 성산구 양곡동 974-3,35.198858,128.627261,46,무료,24시간,0,51,578.91,1,188.2883276,A,1
415-2-000154,신촌동 12-8 임시 공영주차장,경상남도 창원시 성산구 신촌동 12-8,35.205692,128.626815,53,무료,24시간,0,17,555.9097619,1,187.4887087,A,1
415-2-000153,웅남복지관옆 공영주차장,경상남도 창원시 성산구 양곡동 982,35.196468,128.623444,21,무료,24시간,0,0,1.851547619,1,193.9489969,A,1
415-2-000152,양곡동 830-1 임시 공영주차장,경상남도 창원시 성산구 양곡동 830-1,35.21185,128.621331,200,무료,24시간,0,0,68.03095238,1,167.9913666,A,1
415-2-000151,신촌동 504-3 임시 공영주차장,경상남도 창원시 성산구 신촌동 504-3,35.206424,128.652327,155,무료,24시간,0,25,853.2719047,1,171.8263207,A,1
415-2-000150,신촌동 134-7 공영주차장,경상남도 창원시 성산구 신촌동 134-7,35.213798,128.63901,20,무료,24시간,0,36,889.3317855,1,191.0823456,A,1
415-2-000149,신촌동 91 임시 공영주차장,경상남도 창원시 성산구 신촌동 91,35.218004,128.646183,450,무료,24시간,0,8,16.27952381,1,132.1727111,B,2
415-2-000148,신촌동 81-9 임시 공영주차장,경상남도 창원시 성산구 신촌동 81-9,35.206477,128.635416,60,무료,24시간,0,4,321.3057143,1,187.2913877,A,1
415-2-000147,양곡초등학교정문앞 임시공영주차장,경상남도 창원시 성산구 신촌동 46,35.200926,128.62744,10,무료,24시간,4,4781,1382.213452,1,136.7012978,B,2
415-2-000146,신촌동 22-2 임시 공영주차장,경상남도 창원시 성산구 신촌동 22-2,35.20138,128.628753,18,무료,24시간,4,4772,2446.872619,1,132.1429963,B,2
415-2-000145,양곡동 우체국옆 임시 공영주차장,경상남도 창원시 성산구 신촌동 45,35.206831,128.627361,70,무료,24시간,3,1354,4819.148453,1,139.2621139,B,2
415-2-000100,사파동 119-8 임시 공영주차장,경상남도 창원시 성산구 사파동 119-8,35.222229,128.697921,11,무료,24시간,0,1323,161.8561905,1,189.7047377,A,1
415-2-000099,사파동 63-7 임시 공영주차장,경상남도 창원시 성산구 사파동 63-7,35.224314,128.702492,11,무료,24시간,0,470,845.1457143,1,190.825258,A,1
415-2-000098,사파동 17-5 임시 공영주차장,경상남도 창원시 성산구 사파동 17-5,35.229346,128.697017,7,무료,24시간,0,0,1320.907738,1,191.6969127,A,1
415-2-000097,사파동 75-9 임시 공영 주차장,경상남도 창원시 성산구 사파동 75-9,35.223137,128.702157,8,무료,24시간,0,562,1397.965953,1,189.1098398,A,1
415-2-000096,사파동 57-7 임시 공영 주차장,경상남도 창원시 성산구 사파동 57-7,35.226062,128.702619,9,무료,24시간,0,0,417.4186904,1,194.330969,A,1
415-2-000144,죽골마을 공영주차장,경상남도 창원시 성산구 불모산동 381-1,35.190355,128.724372,28,무료,24시간,0,1,8975.528334,1,163.9193663,A,1
415-2-000143,솟대공원 임시공영주차장,경상남도 창원시 성산구 성주동 104,35.191065,128.702917,42,무료,24시간,0,155,90.47761907,1,190.0370732,A,1
415-2-000142,불모산동 242-8 공영주차장,경상남도 창원시 성산구 불모산동 242-8,35.187106,128.721649,68,무료,24시간,0,0,65.71523809,1,186.9829771,A,1
415-2-000141,불모산동 296-2  공영주차장,경상남도 창원시 성산구 불모산동 296-2,35.190316,128.722059,92,무료,24시간,0,80,1910.093333,1,177.2546635,A,1
415-2-000140,성주동 170  공영주차장,경상남도 창원시 성산구 성주동 170,35.191065,128.702917,53,무료,24시간,0,155,90.47761907,1,188.455063,A,1
415-2-000139,성주동 164 공영주차장,경상남도 창원시 성산구 삼정자동 175-2,35.195052,128.714288,34,무료,24시간,0,25,3516.587738,1,180.6158265,A,1
415-2-000138,성주동 159 공영주차장,경상남도 창원시 성산구 성주동 159,35.191065,128.702917,43,무료,24시간,0,155,90.47761907,1,189.8932541,A,1
415-2-000053,내동 453 임시 공영주차장,경상남도 창원시 성산구 삼동로128번길,35.220815,128.659087,59,무료,24시간,0,7,58.86904762,1,188.27216,A,1
415-2-000095,사파동 21-7 임시 공영 주차장,경상남도 창원시 성산구 사파동 21-7,35.228378,128.697346,8,무료,24시간,0,0,1090.78119,1,192.2972747,A,1
415-2-000094,사파중학교옆 공영주차장,경상남도 창원시 성산구 사파정동 628-6,35.218316,128.701389,134,무료,24시간,0,94,3191.979048,1,167.0142546,A,1
415-2-000093,삼익1차아파트 옆 공영주차장,경상남도 창원시 성산구 사파정동 산 88-14,35.218153,128.696676,78,무료,24시간,0,554,460.6763095,1,182.1047332,A,1
415-2-000092,사파민원센터옆 임시 공영주차장,경상남도 창원시 성산구 사파동 502-2,35.222208,128.698481,31,무료,24시간,0,1931,525.7088095,1,183.2780834,A,1
415-2-000091,사파동 137-8 임시 공영주차장,경상남도 창원시 성산구 사파동 137-8,35.222466,128.69531,12,무료,24시간,0,3509,2643.040119,1,173.0030842,A,1
415-2-000137,성주동 144-2 공영주차장,경상남도 창원시 성산구 성주동 144-2,35.191065,128.702917,116,무료,24시간,0,155,90.47761907,1,179.3944593,A,1
415-2-000136,성주주민운동장 공영주차장,경상남도 창원시 성산구 천선동 1216,35.183973,128.697166,40,무료,24시간,0,0,47.03666667,1,191.0703147,A,1
415-2-000117,남양동 41-1 임시 공영주차장,경상남도 창원시 성산구 남양동 41-1,35.205042,128.704222,20,무료,24시간,0,920,859.6269048,1,187.7272444,A,1
415-2-000135,천선동 1155-18 임시 공영주차장,경상남도 창원시 성산구 천선동 1155-18,35.186723,128.694107,25,무료,24시간,0,1093,1605.995476,1,183.9191523,A,1
415-2-000134,천선동 154-2 공영주차장,경상남도 창원시 성산구 천선동 154-2,35.180681,128.71486,93,무료,24시간,0,0,18.32928572,1,183.5407357,A,1
415-2-000133,성주사 입구 임시 공영주차장,경상남도 창원시 성산구 천선동 148,35.17829,128.714613,195,무료,24시간,0,0,3.031309524,1,168.9206573,A,1
415-2-000132,안민고개 임시 공영주차장,경상남도 창원시 성산구 천선동 산 52-10,35.169339,128.700416,11,무료,24시간,0,0,3.533690476,1,195.3817483,A,1
415-2-000131,안민동 237 공영주차장,경상남도 창원시 성산구 안민동 237,35.187419,128.689728,37,무료,24시간,0,1206,3104.269524,1,176.9070632,A,1
415-2-000130,안민동 산144-7 임시공영주차장,경상남도 창원시 성산구 안민동 산 144-7,35.171732,128.690899,8,무료,24시간,0,0,0,1,195.8246328,A,1
415-2-000129,천선동 쓰레기 매립장 입구 임시공영주차장,경상남도 창원시 성산구 안민동 산 144-4,35.171732,128.690899,10,무료,24시간,0,0,0,1,195.5369946,A,1
415-2-000128,안민동 124 임시 공영주차장,경상남도 창원시 성산구 안민동 124,35.186123,128.692416,42,무료,24시간,0,1216,1801.2325,1,180.3626764,A,1
415-2-000127,안민동 예비군훈련장 임시주차장,경상남도 창원시 성산구 안민동 산92-6,35.186296,128.689094,80,무료,24시간,0,941,5375.730833,1,164.4119785,A,1
415-2-000126,성주동 128-3 공영주차장,경상남도 창원시 성산구 성주동 128-3,35.191065,128.702917,45,무료,24시간,0,155,90.47761907,1,189.6056159,A,1
415-2-000125,성주동 70-21 임시 공영주차장,경상남도 창원시 성산구 성주동 70-21,35.18639,128.694826,15,무료,24시간,0,816,1447.999643,1,186.9496846,A,1
415-2-000124,남양동 31-8 임시주차장,경상남도 창원시 성산구 남양동 31-8,35.207144,128.704001,13,무료,24시간,3,2652,639.5495238,1,155.9083231,B,2
415-2-000123,기업사랑공원 공영주차장,경상남도 창원시 성산구 가음동 619,35.206111,128.696829,86,무료,24시간,0,1460,864.78,1,176.1103444,A,1
415-2-000122,남양동 37번지 임시공영주차장,경상남도 창원시 성산구 남양동 37,35.206362,128.70552,47,무료,24시간,0,3453,1378.808929,1,172.2763002,A,1
415-2-000121,가음동 1-5 공영주차장,경상남도 창원시 성산구 가음동 1-5,35.206111,128.696829,63,무료,24시간,0,1460,864.78,1,179.4181838,A,1
415-2-000120,불곡사앞 공영주차장,경상남도 창원시 성산구 대방동 1032,35.210217,128.716599,69,무료,24시간,0,1791,0.080714286,1,180.0592925,A,1
415-2-000119,남양동 버스 회차장 주차장,경상남도 창원시 성산구 남양동 45,35.204359,128.70601,59,무료,24시간,0,123,5200.708809,1,171.191659,A,1
415-2-000118,남양동43-6 임시 공용주차장,경상남도 창원시 성산구 남양동 43-6,35.204262,128.704976,48,무료,24시간,0,1043,2080.428571,1,179.2722969,A,1
415-2-000051,반지동 대동그린코아앞 임시 공영주차장,경상남도 창원시 성산구 반지동 512-5,35.245275,128.67058,105,무료,24시간,0,1549,5434.202619,1,158.2537664,B,2
415-2-000050,반지동 72-8 임시 공영주차장,경상남도 창원시 성산구 반송로42번길,35.239011,128.661129,18,무료,24시간,1,11,2400.873691,1,177.6543866,A,1
415-2-000049,반지동 52-10 임시 공영주차장,경상남도 창원시 성산구 충혼로179번길,35.241386,128.664682,8,무료,24시간,0,281,1222.968571,1,190.7727766,A,1
415-2-000052,내동공원 공영 주차장,경상남도 창원시 성산구 내동 380-6,35.221845,128.667328,19,무료,24시간,0,27,190.8480952,1,193.5200511,A,1
415-2-000048,반지동 44-6 임시 공영주차장,경상남도 창원시 성산구 반송로81번길,35.242291,128.665558,7,무료,24시간,0,224,1013.165952,1,191.817583,A,1
415-2-000047,반지동 44-3 임시 공영주차장,경상남도 창원시 성산구 반송로81번길,35.242691,128.665484,7,무료,24시간,0,209,1079.150834,1,191.6627621,A,1
415-2-000046,반지동 42-9 임시 공영주차장,경상남도 창원시 성산구 반지동 42-9,35.242813,128.664058,27,무료,24시간,0,146,599.3688095,1,190.5838484,A,1
415-2-000045,반림동 럭키아파트뒤 공영주차장,경상남도 창원시 성산구 반송동 266,35.240707,128.66727,95,무료,24시간,0,404,628.9986904,1,179.7010932,A,1
415-2-000044,수자원공사옆 공영주차장,경상남도 창원시 성산구 충혼로224번길,35.24323,128.667001,30,무료,24시간,0,234,342.1519048,1,190.6406223,A,1
415-2-000041,반송공원 공영 주차장,경상남도 창원시 성산구 반림동 6-1,35.236845,128.672868,231,무료,24시간,0,267,2304.150834,1,155.2594551,B,2
414-2-000045,가술시장 공영주차장,경상남도 창원시 의창구 가술길1번길 6,35.334395,128.707503,20,무료,8시~24시,0,4,2720.733214,2,165.0505646,A,1
414-2-000044,북가술 공영주차장,경상남도 창원시 의창구 가술길34번길 14-6,35.337328,128.708475,10,무료,8시~24시,0,0,1244.659524,2,171.2776852,A,1
414-2-000078,갈전운동장 공영주차장,경상남도 창원시 의창구 갈전로(갈전운동장),35.35973,128.686344,95,무료,8시~24시,0,0,0,2,163.0780296,A,1
414-2-000018,소계동 소계천복개 공영주차장,경상남도 창원시 의창구 금강로341번길,35.257905,128.597829,130,무료,8시~24시,1,126,1442.702024,1,143.9618693,B,2
414-2-000019,소계동 467-2번지 공영주차장,경상남도 창원시 의창구 금강로379번길,35.261013,128.60058,8,무료,8시~24시,0,0,449.2252381,1,174.1375915,A,1
414-2-000047,갈전운동장 부설주차장,경상남도 창원시 의창구 대산면 676-1번지,35.353354,128.716141,18,무료,8시~24시,0,0,41.73619047,2,174.0171347,A,1
414-2-000088,일동이주마을 공영주차장,경상남도 창원시 의창구 대산면 대산북로524번길,35.363648,128.695382,0,무료,8시~24시,0,0,0.339166667,2,176.7397479,A,1
414-2-000089,모산이주마을 공영주차장,경상남도 창원시 의창구 대산면 모산리 895번지,35.362062,128.706986,14,무료,8시~24시,0,0,36.37642857,2,174.6097435,A,1
414-2-000046,대산면 갈전리 585번지 공영주차장,경상남도 창원시 의창구 대산북로385번길,35.363987,128.680887,13,무료,8시~24시,0,0,120.3639286,2,174.4819646,A,1
414-2-000054,대산면 일동리 667번지 공영주차장,경상남도 창원시 의창구 대산북로538번길,35.366801,128.69656,60,무료,8시~24시,0,0,475.6013095,2,166.5737032,A,1
414-2-000049,대산면 북부리 380-1번지 공영주차장,경상남도 창원시 의창구 대산북로893번길,35.349084,128.722979,10,무료,8시~24시,0,0,4.613690476,2,175.2877339,A,1
414-2-000038,대원 레포츠공원 주차장,경상남도 창원시 의창구 대원동 618-1번지,35.238641,128.656076,212,무료,8시~24시,0,864,2361.870238,1,135.2403201,B,2
414-2-000037,대원동 98-2번지 공영주차장,경상남도 창원시 의창구 대원로43번길,35.232713,128.652868,37,무료,8시~24시,0,571,332.2285714,1,168.1159802,A,1
414-2-000036,대원동 32-8번지 공영주차장,경상남도 창원시 의창구 대원로53번길,35.233379,128.65284,17,무료,8시~24시,0,644,624.0965476,1,169.7635284,A,1
414-2-000012,도계체육공원  공영주차장,경상남도 창원시 의창구 도계동 378번지,35.257911,128.642977,77,무료,8시~24시,0,77,10.41083333,1,165.3324969,A,1
414-2-000082,도계동 465-6 공영주차장,경상남도 창원시 의창구 도계동 원이대로56번길,35.257165,128.63326,16,무료,8시~24시,1,1002,5168.618929,1,144.8884835,B,2
414-2-000081,도계동 465-11 공영주차장,경상남도 창원시 의창구 도계동 원이대로56번길,35.257165,128.63326,5,무료,8시~24시,1,1002,5168.618929,1,146.4704937,B,2
414-2-000074,도계동 313-3 공영주차장,경상남도 창원시 의창구 도계동 하남천서길15번길,35.261417,128.638235,13,무료,8시~24시,0,1380,1639.820357,1,164.1808021,A,1
414-2-000073,도계동 313-1 공영주차장,경상남도 창원시 의창구 도계동 하남천서길51번길,35.262613,128.638467,8,무료,8시~24시,0,722,1055.490476,1,169.3583485,A,1
414-2-000070,동읍 남산리 456번지 공영주차장,경상남도 창원시 의창구 동읍 남산리 456번지,35.2711,128.661075,75,무료,8시~24시,0,0,18604.71905,2,105.7906438,C,3
414-2-000069,동읍 덕산리 317-2번지 공영주차장,경상남도 창원시 의창구 동읍 덕산리 317-2번지,35.27302,128.674126,9,무료,8시~24시,0,0,549.7572619,2,173.6686728,A,1
414-2-000068,석산마을 공영주차장,경상남도 창원시 의창구 동읍 석산길16번길,35.31438,128.659398,10,무료,8시~24시,0,0,9.986428571,2,175.2703596,A,1
414-2-000067,동읍 신방리 653-2번지 공영주차장,경상남도 창원시 의창구 동읍 신방리 653-2번지,35.287615,128.677172,35,무료,8시~24시,0,0,13.76464286,2,171.662664,A,1
414-2-000084,동읍 용잠리 1153-1 공영주차장,경상남도 창원시 의창구 동읍 용잠로35번길 15,35.280989,128.688384,112,무료,8시~24시,0,0,946.384881,2,157.5726942,B,2
414-2-000086,자여마을 공영주차장,경상남도 창원시 의창구 동읍 자여로 85,35.275889,128.702268,24,무료,8시~24시,0,0,1516.689762,2,168.3845289,A,1
414-2-000090,봉산마을 공영주차장,경상남도 창원시 의창구 동읍 자여로78번길,35.275968,128.699833,8,무료,8시~24시,0,34,87.22702381,2,175.175481,A,1
414-2-000072,동정동 920-12번지 공영주차장,경상남도 창원시 의창구 동정동 동정길(동정동경로당앞),35.264614,128.61392,56,무료,8시~24시,0,5,446.0848809,1,167.2249095,A,1
414-2-000042,삼동공원 부설주차장,경상남도 창원시 의창구 두대로(삼동공원),35.222623,128.666232,101,무료,8시~24시,0,28,416.8038095,1,160.7579459,A,1
414-2-000041,충혼탑 부설주차장,경상남도 창원시 의창구 두대로(충혼탑 앞),35.222623,128.666232,135,무료,8시~24시,0,28,416.8038095,1,155.8680963,B,2
414-2-000091,도계동 913-6 공영주차장,경상남도 창원시 의창구 명곡동 원이대로114번길,35.252049,128.636263,8,무료,8시~24시,0,379,1016.912381,1,170.8221835,A,1
414-2-000075,명서동 109-17 공영주차장,경상남도 창원시 의창구 명곡동 원이대로206번길,35.242871,128.641562,14,무료,8시~24시,0,21,399.3184524,1,173.3540803,A,1
414-2-000010,명서동 210번지 공영주차장,경상남도 창원시 의창구 명서동 210번지,35.239264,128.647522,70,무료,8시~24시,0,187,5775.088572,1,147.2680262,B,2
414-2-000015,명서2주구운동장 주차장,경상남도 창원시 의창구 명서동 300번지,35.242511,128.638637,72,무료,8시~24시,0,15,42.38535714,1,166.1902433,A,1
414-2-000048,남모산 공영주차장,경상남도 창원시 의창구 모산길57번길,35.35673,128.711654,30,무료,8시~24시,0,0,260.5211904,2,171.5838005,A,1
414-2-000058,"북면 월백리 451-1,4번지  공영주차장","경상남도 창원시 의창구 백월로277번길 10,8",35.320386,128.636356,17,무료,8시~24시,0,0,51.09178571,2,174.1306998,A,1
414-2-000146,봉곡주차장 공영주차장,경상남도 창원시 의창구 봉곡로111번길,35.247327,128.6723,98,기본 30분 500원 / 추가 10분당 200원,8시~24시,0,1305,2784.658929,1,121.3467277,B,2
414-2-000064,달천계곡 주차장,경상남도 창원시 의창구 북면 달천길 145,35.283445,128.597866,111,무료,8시~24시,0,0,85.65416668,2,160.4999363,A,1
414-2-000059,북면 신촌리 343-9번지 공영주차장,경상남도 창원시 의창구 북면 신촌리 343-9번지,35.358978,128.618382,11,무료,8시~24시,0,0,307.7078571,2,174.1637717,A,1
414-2-000065,북면 마산리 384 공영주차장,경상남도 창원시 의창구 북면 신촌본포로,35.349076,128.621978,40,무료,8시~24시,0,0,4.500238095,2,170.9735276,A,1
414-2-000087,신음마을 공영주차장,경상남도 창원시 의창구 북면 운무로 737,35.328922,128.584726,12,무료,8시~24시,0,0,402.0963096,2,173.7147201,A,1
414-2-000063,북면 월백리 996-13 공영주차장,경상남도 창원시 의창구 북면 월백리 996-13번지,35.320412,128.624445,32,무료,8시~24시,0,0,345.1501191,2,171.0224901,A,1
414-2-000062,"북면 마산리 148-125,83,65번지 공영주차장",경상남도 창원시 의창구 북면 월백리 996-13번지,35.320412,128.624445,150,무료,8시~24시,0,0,345.1501191,2,154.0518355,B,2
414-2-000066,북면 하천리 366번지 공영주차장,경상남도 창원시 의창구 북면 하천로132번길,35.367514,128.605094,31,무료,8시~24시,0,0,87.11333333,2,172.0007461,A,1
414-2-000076,사림동 110-16 공영주차장,경상남도 창원시 의창구 사림동 사림로57번길,35.248853,128.680273,10,무료,8시~24시,0,37,391.1380952,1,173.8933459,A,1
414-2-000006,창원의집 공영주차장,경상남도 창원시 의창구 사림로12번길,35.244653,128.67807,100,무료,8시~24시,0,21,800.8009524,1,159.6873268,B,2
414-2-000004,사림동 113-1번지 공영주차장,경상남도 창원시 의창구 사림로57번길 10,35.247127,128.679802,9,무료,8시~24시,0,401,686.6522619,1,171.6604679,A,1
414-2-000151,창원공고 뒤 공영주차장,경상남도 창원시 의창구 사화로(창원공고 뒤),35.249004,128.623316,61,기본 30분 500원 / 추가 10분당 200원,8시~24시,0,2818,256.0207143,1,128.9383274,B,2
414-2-000153,사상지구 2공영주차장,경상남도 창원시 의창구 사화로10번길,35.2558,128.607679,11,기본 30분 500원 / 추가 10분당 200원,8시~24시,0,3034,9181.134405,1,106.4240628,C,3
414-2-000138,팔용주차장,경상남도 창원시 의창구 사화로17번길,35.257854,128.610489,76,기본 30분 500원 / 추가 10분당 200원,8시~24시,5,5752,1611.425,1,66.31759088,D,4
414-2-000026,신월동 2-7번지 공영주차장,경상남도 창원시 의창구 상남로258번길,35.233403,128.692571,15,무료,8시~24시,0,177,3741.670834,1,161.7927648,A,1
414-2-000093,태복교 공영주차장,경상남도 창원시 의창구 서곡동 18-7번지,35.253187,128.651534,60,무료,8시~24시,0,0,53.81011905,1,167.9376877,A,1
414-2-000016,소계동 909-2번지 공영주차장,경상남도 창원시 의창구 소계동 909-2번지,35.257868,128.602249,13,무료,8시~24시,0,207,1206.305,1,170.1621247,A,1
414-2-000150,창원육교하부 공영주차장,경상남도 창원시 의창구 소계로 23,35.254399,128.603762,115,기본 30분 500원 / 추가 10분당 200원,8시~24시,0,1505,776.0136905,1,124.6165357,B,2
414-2-000079,소답동 930-3 공영주차장,경상남도 창원시 의창구 소답동 천주로56번길,35.268028,128.620304,30,무료,8시~24시,0,0,337.6416667,1,171.334409,A,1
414-2-000080,신월동 81-15 공영주차장,경상남도 창원시 의창구 신월동 81-15번지,35.22472,128.695389,20,무료,8시~24시,0,638,2888.150357,1,162.034019,A,1
414-2-000077,신월동 35-21 공영주차장,경상남도 창원시 의창구 신월로(자연한의원 옆),35.228454,128.692331,13,무료,8시~24시,0,3037,3908.603096,1,150.3750595,B,2
414-2-000029,신월동 12-157번지 공영주차장,경상남도 창원시 의창구 신월로37번길,35.230354,128.693263,17,무료,8시~24시,0,111,621.7913095,1,171.8518299,A,1
414-2-000083,용동 128-1번지 공영주차장,경상남도 창원시 의창구 용동 상남로382번길,35.242022,128.704677,178,무료,8시~24시,0,195,8.326071429,1,150.3528336,B,2
414-2-000071,동읍 용잠리 산26-2 공영주차장,경상남도 창원시 의창구 용잠리 산26-2번지,35.277387,128.68111,52,무료,8시~24시,0,18,295.5273809,2,168.236305,A,1
414-2-000032,용호동 73-41 공영주차장,경상남도 창원시 의창구 용지로153번길 앞,35.229792,128.681541,23,무료,8시~24시,3,10337,9295.47369,1,76.24189025,D,4
414-2-000033,용남초등학교 앞 공영주차장,경상남도 창원시 의창구 용지로211번길 39,35.234328,128.681222,36,무료,8시~24시,0,320,279.8013096,1,169.4092491,A,1
414-2-000035,용지동주민센터 주차장,경상남도 창원시 의창구 용지로239번길,35.235949,128.68471,54,무료,8시~24시,0,3735,1222.773571,1,150.4388754,B,2
414-2-000013,명서동 111번지 운동장 부설주차장,경상남도 창원시 의창구 우곡로101번길 28,35.243378,128.641731,50,무료,8시~24시,0,26,441.0346429,1,168.0221709,A,1
414-2-000057,월림마을회관 공영주차장,경상남도 창원시 의창구 우암로79번길 3,35.330718,128.731593,11,무료,8시~24시,0,0,180.6583333,2,174.5746233,A,1
414-2-000009,도계동 888-1번지 공영주차장,경상남도 창원시 의창구 원이대로113번길 6,35.253219,128.638765,25,무료,8시~24시,0,1660,2474.653809,1,158.6621684,B,2
414-2-000014,명서동 114-2번지 공영주차장,경상남도 창원시 의창구 원이대로210번길 67-5,35.242377,128.643492,64,무료,8시~24시,0,44,711.3995238,1,165.0641275,A,1
414-2-000134,용호기계식 주차장,경상남도 창원시 의창구 원이대로579번길 16,35.22973,128.679788,71,기본 30분 500원 / 추가 10분당 200원,8시~24시,4,5447,4269.671904,1,68.5563884,D,4
414-2-000050,대산면 유등리 454번지 공영주차장,경상남도 창원시 의창구 유등남길40번길,35.332245,128.735747,36,무료,8시~24시,0,0,194.6126191,2,170.9340204,A,1
414-2-000052,대산면 유등리 88-4번지 공영주차장,경상남도 창원시 의창구 유등로 407-3번지,35.34555,128.747063,5,무료,8시~24시,0,0,8.661547619,2,175.9937396,A,1
414-2-000053,대산면 유등리 117-15번지 공영주차장,경상남도 창원시 의창구 유등로332번길,35.342233,128.747854,12,무료,8시~24시,0,0,0.395952381,2,175.013735,A,1
414-2-000056,대산미술관 주차장,경상남도 창원시 의창구 유등로369번길,35.34517,128.743521,35,무료,8시~24시,0,0,357.8785714,2,170.5498716,A,1
414-2-000051,대산면 유등리 902번지 공영주차장,경상남도 창원시 의창구 유등리 454번지,35.332712,128.736771,15,무료,8시~24시,0,0,64.35345238,2,174.3754525,A,1
414-2-000025,북동 66-1번지 공영주차장,경상남도 창원시 의창구 읍성로41번길,35.266021,128.622641,15,무료,8시~24시,0,367,633.8001191,1,171.101203,A,1
414-2-000022,소답동 365번지 일대 공영주차장,경상남도 창원시 의창구 의안로49번길,35.266095,128.621561,64,무료,8시~24시,1,7146,1389.637381,1,126.2192552,B,2
414-2-000021,소답동 509번지 공영주차장,경상남도 창원시 의창구 의안로70번길,35.267891,128.625468,10,무료,8시~24시,0,298,679.6138096,1,171.9415245,A,1
414-2-000023,동정동 537-3번지 공영주차장,경상남도 창원시 의창구 의창대로139번길 13,35.263212,128.613257,5,무료,8시~24시,0,31,893.6008333,1,173.0110062,A,1
414-2-000020,소답동 155-8번지 공영주차장,경상남도 창원시 의창구 의창대로299번길,35.262686,128.63087,10,무료,8시~24시,0,61,1386.820714,1,170.57982,A,1
414-2-000152,사상지구 1공영주차장,경상남도 창원시 의창구 의창대로70번길,35.256892,128.608725,13,기본 30분 500원 / 추가 10분당 200원,8시~24시,5,6908,12478.05452,1,35.72473264,F,5
414-2-000055,대산면 제동리 464-8번지 공영주차장,경상남도 창원시 의창구 주남로394번길 51,35.316465,128.700012,15,무료,8시~24시,0,0,12.58523809,2,174.5428601,A,1
414-2-000085,중동 666-5 공영주차장,경상남도 창원시 의창구 중동 666-5번지,35.265009,128.621437,74,무료,8시~24시,1,7309,3403.916667,1,117.6309499,C,3
414-2-000034,신월동 98(용지공원 내) 공영주차장,경상남도 창원시 의창구 중앙대로186번길,35.229118,128.686944,41,무료,8시~24시,0,282,1087.464286,1,166.2266936,A,1
414-2-000001,봉곡동 8번지 공영주차장,경상남도 창원시 의창구 지귀로73번길,35.247965,128.655089,24,무료,8시~24시,0,77,1247.362143,1,168.9548679,A,1
414-2-000147,임시화물주차장 공영주차장,경상남도 창원시 의창구 차룡로48번길 21,35.243123,128.630214,375,기본 30분 500원 / 추가 10분당 200원,8시~24시,0,1,153.8684524,1,95.10711335,C,3
414-2-000043,팔용동 58-3번지 공영주차장,경상남도 창원시 의창구 차용단지로,35.236542,128.63032,78,무료,8시~24시,0,3,19.55083333,1,165.4480191,A,1
414-2-000145,종합버스터미널부설 공영주차장,경상남도 창원시 의창구 창원대로 371,35.236645,128.639931,134,기본 30분 500원 / 추가 10분당 200원,8시~24시,0,8326,1732.385,1,92.16189442,C,3
414-2-000039,팔용동 214-2번지 공영주차장,경상남도 창원시 의창구 창원대로18번길,35.252733,128.60519,14,무료,8시~24시,1,3082,487.3675,1,152.1939314,B,2
414-2-000040,팔용동 208-2번지 공영주차장,경상남도 창원시 의창구 창원대로18번길(소계4교),35.252733,128.60519,49,무료,8시~24시,1,3082,487.3675,1,147.1602627,B,2
414-2-000148,구.버스터미널 공영주차장,경상남도 창원시 의창구 창원대로363번길,35.237193,128.641054,300,기본 30분 500원 / 추가 10분당 200원,8시~24시,0,9176,1513.048095,1,65.67878882,D,4
414-2-000143,팔용파출소옆 공영주차장,경상남도 창원시 의창구 창원대로397번길,35.236571,128.642985,34,기본 30분 500원 / 추가 10분당 200원,8시~24시,1,11324,2246.556905,1,84.25161767,C,3
414-2-000144,홈플러스앞  공영주차장,경상남도 창원시 의창구 창원대로397번길(홈플러스),35.235554,128.642753,79,기본 30분 500원 / 추가 10분당 200원,8시~24시,0,11201,5253.644286,1,77.46084973,D,4
414-2-000003,퇴촌동 1006번지 공영주차장,경상남도 창원시 의창구 창원천로 342,35.243629,128.67518,67,무료,8시~24시,0,33,1208.812976,1,163.0670835,A,1
414-2-000005,사림민원센터 앞 공영주차장,경상남도 창원시 의창구 창이대로 413번길,35.243603,128.683161,13,무료,8시~24시,0,270,862.3104762,1,171.0285772,A,1
414-2-000149,명서상업지역 공영주차장,경상남도 창원시 의창구 창이대로113번길,35.243065,128.648172,34,기본 30분 500원 / 추가 10분당 200원,8시~24시,0,1375,7808.408571,1,114.0321135,C,3
414-2-000031,"신월동 101-2,3번지 공영주차장",경상남도 창원시 의창구 창이대로532번길,35.23307,128.689055,143,무료,8시~24시,0,339,1475.577738,1,150.0795375,B,2
414-2-000030,신월동 12-104번지 공영주차장,경상남도 창원시 의창구 창이대로570번길,35.231676,128.69314,20,무료,8시~24시,0,8,1236.576905,1,169.8343994,A,1
414-2-000028,신월동 12-69번지 공영주차장,경상남도 창원시 의창구 창이대로576번길,35.231558,128.694015,28,무료,8시~24시,0,70,3269.726428,1,161.8670168,A,1
414-2-000027,신월동 13-60번지 공영주차장,경상남도 창원시 의창구 창이대로586번길,35.230536,128.694226,28,무료,8시~24시,0,62,3385.858929,1,161.5227008,A,1
414-2-000060,북면 신촌리 1462-1번지 공영주차장,경상남도 창원시 의창구 천주로1170번길 24,35.353172,128.61156,183,무료,8시~24시,0,0,467.7708334,2,148.9092753,B,2
414-2-000061,북면 신촌리 407-1번지 공영주차장,경상남도 창원시 의창구 천주로1173번길 30,35.356468,128.608449,70,무료,8시~24시,0,0,62.77023811,2,166.4705215,A,1
414-2-000017,중동 739-17번지외 공영주차장,경상남도 창원시 의창구 천주로12번길 35,35.262788,128.622222,47,무료,8시~24시,0,551,2218.503214,1,160.6560523,A,1
414-2-000024,동정동 231-4번지 공영주차장,경상남도 창원시 의창구 천주로56번길,35.268028,128.620304,33,무료,8시~24시,0,0,337.6416667,1,170.9029517,A,1
414-2-000092,사상지구 2공영주차장,경상남도 창원시 의창구 팔용동 사화로10번길,35.2558,128.607679,11,무료,8시~24시,0,3034,9181.134405,1,133.6241469,B,2
414-2-000137,도계초등 공영주차장,경상남도 창원시 의창구 하남천동길 10,35.258941,128.639194,39,기본 30분 500원 / 추가 10분당 200원,8시~24시,4,9435,2000.655833,1,64.92686011,D,4
414-2-000007,봉곡동 158-6번지 공영주차장,경상남도 창원시 의창구사림로29번길,35.247401,128.673759,13,무료,8시~24시,0,63,387.9153571,1,173.3708055,A,1
414-2-000002,사림동 36-3번지 공영주차장,경상남도 창원시 의창구창이대로 417번길,35.242414,128.683408,12,무료,8시~24시,0,183,1570.80631,1,169.2209195,A,1
414-2-000008,용동근린공원부지 공영주차장,경상남도 창원시 의창구퇴촌로45번길,35.242828,128.689363,72,무료,8시~24시,0,945,2104.342024,1,155.8915611,B,2
414-4-000164,팔용 주차장,경상남도 창원시 의창구 남산로17번길 17,35.260752,128.613239,13,기본 30분 500원,8시~24시,0,1308,2029.170833,1,136.00273,B,2
414-4-000160,서원유통 주차장,"경상남도 창원시 의창구 남산로17번길 25,25-1,27,29",35.260555,128.616392,55,기본 30분 500원,8시~24시,0,152,2491.4275,1,132.9805424,B,2
414-4-000155,세준 주차장,경상남도 창원시 의창구 도계두리길 14,35.260438,128.63215,20,기본 30분 500원,8시~24시,0,924,3225.553333,1,132.6262923,B,2
414-4-000169,유)천주산골프랜드,경상남도 창원시 의창구 북면 동전로,35.306825,128.599775,72,기본 30분 500원,8시~24시,0,895,4169.762381,1,122.2075411,B,2
414-4-000173,북면주차장,경상남도 창원시 의창구 북면 천주로(민속두부마을인근),35.343527,128.608283,40,기본 30분 500원,8시~24시,0,94,25.51904762,1,143.3384944,B,2
414-4-000161,소계주차장,경상남도 창원시 의창구 소계로90번길,35.258087,128.600523,29,기본 30분 500원,8시~24시,1,262,1130.995833,1,131.7645597,B,2
414-4-000162,토월 주차장,경상남도 창원시 의창구 신월로 37,35.228704,128.692314,9,기본 30분 500원,8시~24시,0,3053,3160.374762,1,126.1074012,B,2
414-4-000170,배정 빌딩,경상남도 창원시 의창구 용지로 145,35.228483,128.680349,14,기본 30분 500원,8시~24시,3,5267,13949.58,1,55.0791931,D,4
414-4-000177,고려야간주차장,경상남도 창원시 의창구 원이대로 279-19,35.242283,128.650919,13,기본 30분 500원,8시~24시,0,2712,6010.264405,1,117.6474515,C,3
414-4-000175,정우상가유료주차장,경상남도 창원시 의창구 원이대로 587,35.228371,128.679447,20,기본 30분 500원,8시~24시,3,3722,15136.31298,1,56.4103553,D,4
414-4-000176,명서시장주차장,경상남도 창원시 의창구 원이대로189번길,35.248981,128.64474,67,기본 30분 500원,8시~24시,0,1344,2196.956666,1,127.553369,B,2
414-4-000159,고려 주차장,경상남도 창원시 의창구 원이대로261번길,35.245581,128.651092,25,기본 30분 500원,8시~24시,0,695,1048.841786,1,139.8402488,B,2
414-4-000171,성암빌딩,경상남도 창원시 의창구 원이대로589번길 2,35.228178,128.680083,11,기본 30분 500원,8시~24시,3,4889,14743.77893,1,54.41809979,D,4
414-4-000158,초원 주차장,경상남도 창원시 의창구 읍성로 95-1,35.264513,128.628445,12,기본 30분 500원,8시~24시,0,2020,1354.898096,1,135.5473383,B,2
414-4-000154,소답종로 주차장,경상남도 창원시 의창구 읍성로34번길 10-1,35.264096,128.621969,18,기본 30분 500원,8시~24시,0,7289,2532.591429,1,110.3056874,C,3
414-4-000166,소답 주차장,경상남도 창원시 의창구 의안로18번길 29-1,35.262979,128.627071,6,기본 30분 500원,8시~24시,0,1776,1849.459404,1,135.7635279,B,2
414-4-000167,대성 주차장,경상남도 창원시 의창구 의안로18번길 7,35.263136,128.624665,10,기본 30분 500원,8시~24시,0,1420,1584.088334,1,137.4362399,B,2
414-4-000181,KTX창원역 제 2 주차장,경상남도 창원시 의창구 의창대로 51-11,35.255987,128.605291,42,기본 30분 500원,8시~24시,0,408,3795.997619,1,129.6320529,B,2
414-4-000157,창원역광장주차장,경상남도 창원시 의창구 의창대로 67,35.257935,128.606866,62,기본 30분 500원,8시~24시,0,1090,2741.279643,1,127.503861,B,2
414-4-000156,성원 주차장,경상남도 창원시 의창구 의창대로 914-1,35.268526,128.645391,8,기본 30분 500원,8시~24시,0,0,96.1695238,1,148.0792156,B,2
414-4-000168,경남주차장,경상남도 창원시 의창구 의창대로156번길 20,35.260159,128.614443,15,기본 30분 500원,8시~24시,0,1136,3470.044167,1,131.7271017,B,2
414-4-000174,뉴금호주차장,경상남도 창원시 의창구 의창대로289번길,35.263345,128.629613,74,기본 30분 500원,8시~24시,0,285,952.4675,1,134.7054182,B,2
414-4-000182,사계절 유료주차장,경상남도 창원시 의창구 지귀로24번길 21~22,35.244315,128.651869,18,기본 30분 500원,8시~24시,0,1595,2291.545714,1,133.314713,B,2
414-4-000165,종합 주차장,경상남도 창원시 의창구 창원대로 5,35.254972,128.606382,16,기본 30분 500원,8시~24시,0,2342,9535.349048,1,107.2610984,C,3
414-4-000180,창원문성대학 주차장,경상남도 창원시 의창구 창원천로94번길,35.237872,128.657382,513,기본 30분 500원,8시~24시,0,847,1589.347143,1,67.31523151,D,4
414-4-000178,언양각 식당 주차장,경상남도 창원시 의창구 창이대로492번길,35.236703,128.687285,7,기본 30분 500원,8시~24시,0,2045,3935.552262,1,127.8235376,B,2
414-4-000179,더원 주차장,경상남도 창원시 의창구 창이대로81번길 8,35.240037,128.647869,14,기본 30분 500원,8시~24시,0,207,6739.493334,1,124.9250483,B,2
414-4-000163,도계 주차장,경상남도 창원시 의창구 태복산로3번길,35.254045,128.637644,20,기본 30분 500원,8시~24시,0,543,6724.003929,1,122.8004698,B,2
414-4-000172,팔용종합상가 번영회 주차장,경상남도 창원시 의창구 팔용로 438,35.255297,128.613451,98,기본 30분 500원,8시~24시,1,15099,16161.49881,1,15.31147983,F,5
