"","parking_ID","parking_name","parking_adr","parking_lat","parking_lng","parking_pay","parking_time","C","D","floating_people","parking_area","remain","rpa","newdata.dansok_s","newdata.zone_s","newdata.pay_s","newdata.time_s","newdata.cctv_s","newdata.pop_s","score","ppg","ppr"
"1","417-1-000001","마산역공영주차장","경상남도 창원시 마산회원구 석전동 267",35.234583,128.579395,"기본 30분 500원 / 추가 10분당 200원","8시~24시",10,4743,5686.650238,147,6,0.0408163265306122,-1.30376822566354,-1.26864656605451,-2.28327466967904,-1.17416175528883,-8.59834985022385,-1.14767550946837,2.24123423621859,"F",5
"2","417-1-000002","산호천공영주차장","경상남도 창원시 마산회원구 산호천서길 234 일원",35.222183,128.589301,"기본 30분 500원 / 추가 10분당 200원","8시~24시",0,851,6009.41095228571,123,13,0.105691056910569,0.215679389868541,-0.923480711263374,-2.28327466967904,-1.17416175528883,0.326837859803831,-1.25204957003204,109.095505434091,"D",4
"3","415-1-000032","반월로 노상주차장","경상남도 창원시 성산구 신촌동 190",35.210728,128.62964,"무료","24시간",0,0,1360.04595214286,32,0,0,0.547912154724091,0.385273154819684,0.436733745542635,0.84927233756328,0.326837859803831,0.251457773423539,187.974870258771,"B",2
"4","415-1-000003","외동반림동 74번길 노상주차장","경상남도 창원시 성산구 외동반림로74번길",35.226406,128.673552,"무료","24시간",0,371,357.324761871429,86,3,0.0348837209302326,0.403072723747112,-0.391350018460372,0.436733745542635,0.84927233756328,0.326837859803831,0.575716822339958,182.002834705364,"B",2
"5","415-1-000016","가양로 노상주차장","경상남도 창원시 성산구 가음동 502-3",35.208822,128.699654,"무료","24시간",0,839,2458.28583342857,81,NA,NA,0.220364223215505,-0.319440465378886,0.436733745542635,0.84927233756328,0.326837859803831,-0.103690021240489,174.100776795059,"B",2
"6","415-1-000015","원이대로 883번길 노상주차장","경상남도 창원시 성산구 원이대로883번길",35.20684,128.69675,"무료","24시간",0,2063,1288.66297642857,30,1,0.0333333333333333,-0.257488778174852,0.414036976052278,0.436733745542635,0.84927233756328,0.326837859803831,0.274541533932951,180.439336747201,"B",2
"7","415-1-000014","가음로 13번길 노상주차장","경상남도 창원시 성산구 남양동 503-1",35.211986,128.699686,"무료","24시간",0,961,1899.64964271429,178,0,0,0.172735084188035,-1.71448579515973,0.436733745542635,0.84927233756328,0.326837859803831,0.0769612322173861,161.480544641554,"B",2
"8","415-1-000013","가양로(개나리 4차아파트 옆) 노상주차장","경상남도 창원시 성산구 남양동 504",35.208744,128.703626,"무료","24시간",0,3178,1770.55738071429,104,4,0.0384615384615385,-0.692787876663617,-0.650224409553725,0.436733745542635,0.84927233756328,0.326837859803831,0.118706968225277,163.885386249177,"B",2
"9","415-1-000012","비음로 노상주차장","경상남도 창원시 성산구 대방동 263",35.216667,128.710714,"무료","24시간",0,17,31.8452380942857,36,NA,NA,0.541275307482559,0.327745512354494,0.436733745542635,0.84927233756328,0.326837859803831,0.680970088996442,191.628348517432,"B",2
"10","415-1-000011","가양로 136번길 노상주차장","경상남도 창원시 성산구 가양로136번길",35.208375,128.708254,"무료","24시간",7,3983,4652.33154771429,34,0,0,-1.00706211368914,0.356509333587089,0.436733745542635,0.84927233756328,-5.92079353721555,-0.813198490290447,99.0146127549787,"D",4
"11","415-1-000010","토월로 노상주차장","경상남도 창원시 성산구 상남동 98-4",35.2175,128.682602,"무료","24시간",3,10526,780.482500014286,24,0,0,-3.56146749612141,0.500328439750062,0.436733745542635,0.84927233756328,-2.35071845320447,0.438876465276513,123.130250388066,"D",4
"12","415-1-000009","외동반림로 노상주차장","경상남도 창원시 성산구 중앙동 507-7",35.223887,128.67632,"무료","24시간",3,7777,1657.88071428571,10,0,0,-2.48825025688768,0.701675188378225,0.436733745542635,0.84927233756328,-2.35071845320447,0.155144244155699,133.038568055477,"C",3
"13","415-1-000008","남면로 노상주차장","경상남도 창원시 성산구 가음정동 390",35.205552,128.680357,"무료","24시간",0,19,266.869761928571,330,NA,NA,0.540494501924731,-3.90053620883692,0.436733745542635,0.84927233756328,0.326837859803831,0.604968076363289,148.577703123608,"C",3
"14","415-1-000007","성산패총로(성산패총입구) 노상주차장","경상남도 창원시 성산구 외동 854",35.208117,128.675991,"무료","24시간",0,1,954.047023571429,86,37,0.430232558139535,0.547521751945178,-0.391350018460372,0.436733745542635,0.84927233756328,0.326837859803831,0.382749330555209,181.517650069498,"B",2
"15","415-1-000006","삼동로 128번길(월드메르디앙 옆) 노상주차장","경상남도 창원시 성산구 삼동로128번길",35.224637,128.656821,"무료","24시간",0,21,5237.36571414286,67,16,0.238805970149254,0.539713696366904,-0.118093716750723,0.436733745542635,0.84927233756328,0.326837859803831,-1.00238629666201,170.320776258639,"B",2
"16","415-1-000005","삼동로 128번길(효성사원아파트 옆) 노상주차장","경상남도 창원시 성산구 삼동로128번길",35.221075,128.663065,"무료","24시간",0,103,1333.25702371429,67,43,0.641791044776119,0.507700668495981,-0.118093716750723,0.436733745542635,0.84927233756328,0.326837859803831,0.260120752263537,182.625716469185,"B",2
"17","415-1-000004","연덕로 184번길 노상주차장","경상남도 창원시 성산구 연덕로184번길",35.218317,128.667591,"무료","24시간",0,430,3265.564405,32,NA,NA,0.380038959791204,0.385273154819684,0.436733745542635,0.84927233756328,0.326837859803831,-0.364747017310852,180.134090402098,"B",2
"18","415-1-000017","가음정로 노상주차장","경상남도 창원시 성산구 가음동 511",35.202556,128.700443,"무료","24시간",0,611,1168.01214262857,79,10,0.126582278481013,0.309376056807826,-0.290676644146291,0.436733745542635,0.84927233756328,0.326837859803831,0.313557488715328,179.451008442866,"B",2
"19","415-1-000031","반월로 67번길 노상주차장","경상남도 창원시 성산구 반월로67번길",35.20718,128.638797,"무료","24시간",0,0,542.938452414286,135,NA,NA,0.547912154724091,-1.09606363865894,0.436733745542635,0.84927233756328,0.326837859803831,0.515693239169246,175.803856981441,"B",2
"20","415-1-000030","월림로 노상주차장","경상남도 창원시 성산구 신촌동 190",35.210728,128.62964,"무료","24시간",0,0,1360.04595214286,131,NA,NA,0.547912154724091,-1.03853599619375,0.436733745542635,0.84927233756328,0.326837859803831,0.251457773423539,173.736778748636,"B",2
"21","415-1-000029","월림로 67번길 노상주차장","경상남도 창원시 성산구 월림로67번길",35.207558,128.640177,"무료","24시간",0,0,1234.48999977143,58,NA,NA,0.547912154724091,0.011343478795953,0.436733745542635,0.84927233756328,0.326837859803831,0.292059940902152,184.641595173319,"B",2
"22","415-1-000028","월림로 65번길 노상주차장","경상남도 창원시 성산구 월림로65번길",35.211132,128.64207,"무료","24시간",0,0,156.210476191429,213,NA,NA,0.547912154724091,-2.21785266673013,0.436733745542635,0.84927233756328,0.326837859803831,0.640752973595972,165.836564044997,"B",2
"23","415-1-000027","공단로 166번길 노상주차장","경상남도 창원시 성산구 공단로166번길",35.211735,128.644228,"무료","24시간",0,0,377.132142842857,69,NA,NA,0.547912154724091,-0.146857537983318,0.436733745542635,0.84927233756328,0.326837859803831,0.569311529844263,185.832100894948,"B",2
"24","415-1-000026","공단로 271번길 노상주차장","경상남도 창원시 성산구 공단로271번길",35.215415,128.654738,"무료","24시간",0,27,58.4428571405714,145,NA,NA,0.537371279693422,-1.23988274482192,0.436733745542635,0.84927233756328,0.326837859803831,0.672368975607132,175.827014533884,"B",2
"25","415-1-000025","연덕로 15번길 노상주차장","경상남도 창원시 성산구 연덕로15번길",35.207709,128.653722,"무료","24시간",0,24,1609.03726191429,154,NA,NA,0.538542488030163,-1.36931994036859,0.436733745542635,0.84927233756328,0.326837859803831,0.170939194502231,169.530056850735,"B",2
"26","415-1-000024","연덕로(강림중공업 옆) 노상주차장","경상남도 창원시 성산구 웅남동 69",35.209829,128.658232,"무료","24시간",0,337,474.0358333,106,NA,NA,0.416346418230178,-0.678988230786319,0.436733745542635,0.84927233756328,0.326837859803831,0.537974904260816,178.881770346144,"B",2
"27","415-1-000023","완암로(테크노파크 옆) 노상주차장","경상남도 창원시 성산구 웅남동 514",35.204153,128.660401,"무료","24시간",0,105,103.512976165714,95,NA,NA,0.506919862938154,-0.520787214007049,0.436733745542635,0.84927233756328,0.326837859803831,0.657794242299972,182.567708341408,"B",2
"28","415-1-000022","완암로(윤성정밀 옆) 노상주차장","경상남도 창원시 성산구 웅남동 69",35.209829,128.658232,"무료","24시간",0,337,474.0358333,82,NA,NA,0.416346418230178,-0.333822375995183,0.436733745542635,0.84927233756328,0.326837859803831,0.537974904260816,182.333428894056,"B",2
"29","415-1-000001","창원천로 노상주차장","경상남도 창원시 성산구 반지동 512-4",35.245075,128.671016,"무료","24시간",0,1542,4918.81023785714,76,NA,NA,-0.0540889303608193,-0.247530912297399,0.436733745542635,0.84927233756328,0.326837859803831,-0.899372122064226,164.118519781873,"B",2
"30","415-1-000021","공단로 474번길 노상주차장","경상남도 창원시 성산구 공단로474번길",35.200634,128.674117,"무료","24시간",0,119,1422.76583342857,53,NA,NA,0.501454224033362,0.0832530318774397,0.436733745542635,0.84927233756328,0.326837859803831,0.231175476359137,184.287266751797,"B",2
"31","415-1-000020","공단로 473번길 노상주차장","경상남도 창원시 성산구 공단로473번길",35.200634,128.674117,"무료","24시간",0,119,1422.76583342857,187,NA,NA,0.501454224033362,-1.8439229907064,0.436733745542635,0.84927233756328,0.326837859803831,0.231175476359137,165.015506525958,"B",2
"32","415-1-000019","성산패총로(한화테크 옆) 노상주차장","경상남도 창원시 성산구 성산동 518",35.200634,128.674117,"무료","24시간",0,119,1422.76583342857,106,NA,NA,0.501454224033362,-0.678988230786319,0.436733745542635,0.84927233756328,0.326837859803831,0.231175476359137,176.664854125159,"B",2
"33","415-1-000018","성주동 519-1 노상주차장","경상남도 창원시 성산구 성주동 519-1",35.193016,128.683001,"무료","24시간",0,0,104.7411905,80,NA,NA,0.547912154724091,-0.305058554762588,0.436733745542635,0.84927233756328,0.326837859803831,0.657397063487193,185.130946063584,"B",2
"34","415-1-000002","까치아파트옆 노상주차장","경상남도 창원시 성산구 반지동 512-7",35.244862,128.667064,"무료","24시간",0,101,2264.64761871429,78,NA,NA,0.508481474053809,-0.276294733529994,0.436733745542635,0.84927233756328,0.326837859803831,-0.0410714748825216,178.03959208551,"B",2
"35","415-1-000037","충혼로 72번길 노상주차장","경상남도 창원시 성산구 충혼로72번길",35.223887,128.67632,"무료","24시간",3,7777,1657.88071428571,160,NA,NA,-2.48825025688768,-1.45561140406638,0.436733745542635,0.84927233756328,-2.35071845320447,0.155144244155699,111.465702131031,"D",4
"36","415-1-000036","가음로 15번길 노상주차장","경상남도 창원시 성산구 가음로15번길",35.211943,128.70193,"무료","24시간",0,1792,2334.898095,34,0,0,-0.151689625089242,0.356509333587089,0.436733745542635,0.84927233756328,0.326837859803831,-0.0637890087766296,177.53874642631,"B",2
"37","415-1-000035","공단로 103번길 노상주차장","경상남도 창원시 성산구 공단로103번길",35.215213,128.635255,"무료","24시간",0,0,11.8553571451429,65,47,0.723076923076923,0.547912154724091,-0.0893298955181284,0.436733745542635,0.84927233756328,0.326837859803831,0.687434398165742,187.588606002815,"B",2
"38","415-1-000034","적현로 279번길 노상주차장","경상남도 창원시 성산구 적현로279번길",35.198914,128.606051,"무료","24시간",0,0,35.5519047628571,128,93,0.7265625,0.547912154724091,-0.995390264344861,0.436733745542635,0.84927233756328,0.326837859803831,0.679771430565502,178.451372638545,"B",2
"39","415-1-000033","신촌로 노상주차장","경상남도 창원시 성산구 신촌동 42",35.207501,128.626427,"무료","24시간",3,1354,5398.770595,21,NA,NA,0.0193067920749545,0.543474171598955,0.436733745542635,0.84927233756328,-2.35071845320447,-1.05458125739984,144.434873361755,"C",3
"40","414-1-000106","금강로379번길(소계동746번지 도로부지 일대) 공영주차장","경상남도 창원시 의창구 금강로379번길",35.259142,128.601931,"무료","24시간",0,35,553.798571428571,52,NA,NA,0.534248057462112,0.097634942493737,0.436733745542635,0.84927233756328,0.326837859803831,0.512181303950505,187.569082468161,"B",2
"41","414-1-000105","남산로1번길(임진각식당 인근) 공영주차장","경상남도 창원시 의창구 남산로1번길(임진각식당 인근)",35.261259,128.617877,"무료","24시간",0,646,2411.29833342857,99,NA,NA,0.295711959545847,-0.578314856472238,0.436733745542635,0.84927233756328,0.326837859803831,-0.0884952470512291,172.417457989321,"B",2
"42","414-1-000120","대산북로(대산면 모산리 143-4번지) 공영주차장","경상남도 창원시 의창구 대산북로",35.357511,128.71272,"무료","24시간",0,0,741.191904785714,33,NA,NA,0.547912154724091,0.370891244203386,0.436733745542635,0.84927233756328,0.326837859803831,0.451582221536363,189.832295633736,"B",2
"43","414-1-000094","현대아파트~동양상가 공영주차장","경상남도 창원시 의창구 대원로 93번길(현대아파트~동양상가)",35.235523,128.649553,"무료","24시간",0,200,425.9345238,73,NA,NA,0.469831598941353,-0.204385180448507,0.436733745542635,0.84927233756328,0.326837859803831,0.553529861133606,184.318202225362,"B",2
"44","414-1-000127","도계로163번걸(명서동19-20~19-11) 공영주차장","경상남도 창원시 의창구 도계로163번걸",35.251506,128.640476,"무료","24시간",0,249,3603.51428557143,21,NA,NA,0.450701862774582,0.543474171598955,0.436733745542635,0.84927233756328,0.326837859803831,-0.474032936386568,181.329870408967,"B",2
"45","414-1-000128","도계로163번걸 맞은편(위브공원앞 하천길) 공영주차장","경상남도 창원시 의창구 도계로163번걸 맞은편(위브공원앞 하천길)",35.251506,128.640476,"무료","24시간",0,249,3603.51428557143,21,NA,NA,0.450701862774582,0.543474171598955,0.436733745542635,0.84927233756328,0.326837859803831,-0.474032936386568,181.329870408967,"B",2
"46","414-1-000115","명서로(명서동132-10번지~명서동145-18번지 앞) 공영주차장","경상남도 창원시 의창구 명서로",35.245394,128.645913,"무료","24시간",0,307,784.129047642857,55,NA,NA,0.428058501597588,0.054489210644845,0.436733745542635,0.84927233756328,0.326837859803831,0.437697248084992,185.330889032372,"B",2
"47","414-1-000112","명서로(명서동34-7번지~명서동 151-8번지) 공영주차장","경상남도 창원시 의창구 명서로",35.251287,128.648274,"무료","24시간",0,627,612.0745238,37,NA,NA,0.303129612345207,0.313363601738197,0.436733745542635,0.84927233756328,0.326837859803831,0.493336080498567,187.226732374917,"B",2
"48","414-1-000129","명지로14번길(명서동 18-24~18-13) 공영주차장","경상남도 창원시 의창구 명지로14번길",35.250538,128.641914,"무료","24시간",0,289,874.409404771429,26,NA,NA,0.435085751618035,0.471564618517468,0.436733745542635,0.84927233756328,0.326837859803831,0.40850246989304,189.279967829383,"B",2
"49","414-1-000126","무역로581번길(농산물도매시장 앞) 공영주차장","경상남도 창원시 의창구 무역로581번길(농산물도매시장 앞)",35.229949,128.6382,"무료","24시간",0,816,3144.07797585714,23,NA,NA,0.22934348713052,0.51471035036636,0.436733745542635,0.84927233756328,0.326837859803831,-0.325460848481158,180.314369319255,"B",2
"50","414-1-000096","반계로(동서식품 창원공장)  공영주차장","경상남도 창원시 의창구 반계로(동서식품 창원공장)",35.251879,128.615112,"무료","24시간",1,3870,1953.12857128571,98,NA,NA,-0.962946599671891,-0.563932945855941,0.436733745542635,0.84927233756328,-0.565680911198937,0.0596672658747116,152.531128922539,"C",3
"51","414-1-000119","봉강가술로394번길 공영주차장","경상남도 창원시 의창구 봉강가술로394번길",35.341192,128.694465,"무료","24시간",0,0,181.681904728571,10,NA,NA,0.547912154724091,0.701675188378225,0.436733745542635,0.84927233756328,0.326837859803831,0.632516046649448,194.949473326615,"A",1
"52","414-1-000116","봉곡로23번길(봉곡동70-5번지~봉곡동70-8번지) 공영주차장","경상남도 창원시 의창구 봉곡로23번길",35.247982,128.659437,"무료","24시간",0,144,380.5057143,6,NA,NA,0.49169415456052,0.759202830843415,0.436733745542635,0.84927233756328,0.326837859803831,0.568220587433992,194.319615157477,"A",1
"53","414-1-000121","상남로(창원중앙역진입도로, 창원대~창원중앙역) 공영주차장","경상남도 창원시 의창구 상남로(창원중앙역진입도로, 창원대~창원중앙역)",35.242675,128.70159,"무료","24시간",3,7101,339.373690442857,151,NA,NA,-2.22433797834202,-1.3261742085197,0.436733745542635,0.84927233756328,-2.35071845320447,0.581521823176615,119.662972662163,"D",4
"54","414-1-000141","용지호수앞 공영주차장","경상남도 창원시 의창구 용지로169번길",35.230311,128.680949,"기본 30분 500원 / 추가 10분당 200원","8시~24시",3,3587,6144.08285728571,90,NA,NA,-0.852462613239316,-0.448877660925562,-2.28327466967904,-1.17416175528883,-2.35071845320447,-1.29559964582055,75.9490520184223,"F",5
"55","414-1-000110","우곡로(명서동12-1번지~명서동12-8번지) 공영주차장","경상남도 창원시 의창구 우곡로",35.251113,128.63732,"무료","24시간",0,381,739.999166657143,12,NA,NA,0.399168695957975,0.67291136714563,0.436733745542635,0.84927233756328,0.326837859803831,0.451967928086628,191.368919341,"B",2
"56","414-1-000136","경남은행명곡지점 공영주차장","경상남도 창원시 의창구 원이대로 265",35.2435,128.649313,"기본 30분 500원 / 추가 10분당 200원","8시~24시",0,3140,7703.59071414286,38,NA,NA,-0.677952571064897,0.2989816911219,-2.28327466967904,-1.17416175528883,0.326837859803831,-1.79991185079678,106.905187040962,"D",4
"57","414-1-000123","원이대로114번길(곰두리체육센터 앞) 공영주차장","경상남도 창원시 의창구 원이대로114번길(곰두리체육센터 앞)",35.252804,128.636848,"무료","24시간",0,509,2977.23404728571,25,6,0.24,0.349197140257023,0.485946529133765,0.436733745542635,0.84927233756328,0.326837859803831,-0.271507013535866,181.764805987647,"B",2
"58","414-1-000124","원이대로114번길(서부경찰서 뒤편) 공영주차장","경상남도 창원시 의창구 원이대로114번길(서부경찰서 뒤편)",35.251693,128.636869,"무료","24시간",0,379,906.072023571429,51,11,0.215686274509804,0.399949501515803,0.112016853110034,0.436733745542635,0.84927233756328,0.326837859803831,0.398263441578986,185.230737391146,"B",2
"59","414-1-000130","원이대로215번길(명서동 39-1~82-12) 공영주차장","경상남도 창원시 의창구 원이대로215번길",35.248785,128.642294,"무료","24시간",0,532,9915.05380714286,26,2,0.0769230769230769,0.340217876342008,0.471564618517468,0.436733745542635,0.84927233756328,0.326837859803831,-2.51505273562822,159.09573702141,"C",3
"60","414-1-000131","원이대로219번길(명서동 38-1~132-1) 공영주차장","경상남도 창원시 의창구 원이대로219번길",35.249434,128.643464,"무료","24시간",0,829,2604.03857142857,53,10,0.188679245283019,0.224268251004642,0.0832530318774397,0.436733745542635,0.84927233756328,0.326837859803831,-0.150823406531819,177.6954181926,"B",2
"61","414-1-000113","원이대로220번길(명서동131-12번지 ~ 105-15번지) 공영주차장","경상남도 창원시 의창구 원이대로220번길",35.245089,128.644558,"무료","24시간",0,124,2246.84130942857,47,3,0.0638297872340425,0.499502210138794,0.169544495575224,0.436733745542635,0.84927233756328,0.326837859803831,-0.0353132870934172,182.465773615303,"B",2
"62","414-1-000114","원이대로224번길(명서동181-1번지~명서동191-14번지 앞) 공영주차장","경상남도 창원시 의창구 원이대로224번길",35.244793,128.645291,"무료","24시간",0,161,473.162380985714,62,17,0.274193548387097,0.485057307318987,-0.0461841636692364,0.436733745542635,0.84927233756328,0.326837859803831,0.538257360460457,185.8997444702,"B",2
"63","414-1-000135","용호상가 공영주차장","경상남도 창원시 의창구 원이대로579번길 8",35.229093,128.679322,"기본 30분 500원 / 추가 10분당 200원","8시~24시",3,4654,5433.27988071429,123,29,0.235772357723577,-1.26902237834022,-0.923480711263374,-2.28327466967904,-1.17416175528883,-2.35071845320447,-1.06574083822158,69.3360119400248,"F",5
"64","414-1-000109","원이대로81번길(도계동346-11번지~도계동397-5번지) 공영주차장","경상남도 창원시 의창구 원이대로81번길",35.255745,128.636059,"무료","24시간",0,1692,4577.16297585714,54,7,0.12962962962963,-0.112649347197873,0.0688711212611423,0.436733745542635,0.84927233756328,0.326837859803831,-0.788890547209874,167.801751697631,"B",2
"65","414-1-000108","정렬대로(동정동 산30-8번지, 국도 출구 램프구간) 공영주차장","경상남도 창원시 의창구 정렬대로",35.268887,128.613307,"무료","24시간",0,0,158.453571414286,8,NA,NA,0.547912154724091,0.73043900961082,0.436733745542635,0.84927233756328,0.326837859803831,0.640027603542313,195.31222710787,"A",1
"66","414-1-000104","죽전로(죽전사거리~사화로 접합부) 공영주차장","경상남도 창원시 의창구 죽전로(죽전사거리~사화로 접합부)",35.245538,128.621571,"무료","24시간",0,154,823.213809557143,56,NA,NA,0.487790126771383,0.0401073000285476,0.436733745542635,0.84927233756328,0.326837859803831,0.425058054011493,185.657994237212,"B",2
"67","414-1-000098","죽전로(죽전사거리~죽전로삼거리) 공영주차장","경상남도 창원시 의창구 죽전로(죽전사거리~죽전로삼거리)",35.24401,128.620244,"무료","24시간",0,143,627.947380985714,122,NA,NA,0.492084557339434,-0.909098800647077,0.436733745542635,0.84927233756328,0.326837859803831,0.488203130657114,176.840328302592,"B",2
"68","414-1-000102","죽전로74번길(코리아펀치~㈜마스터) 공영주차장","경상남도 창원시 의창구 죽전로74번길(코리아펀치~㈜마스터)",35.245261,128.626045,"무료","24시간",0,889,1383.55119071429,100,NA,NA,0.200844084269821,-0.592696767088535,0.436733745542635,0.84927233756328,0.326837859803831,0.243856671165331,174.648479312564,"B",2
"69","414-1-000142","중심업무지구 공영주차장","경상남도 창원시 의창구 중앙대로160,186,210번길",35.231581,128.688171,"기본 30분 500원 / 추가 10분당 200원","8시~24시",0,537,3404.23202357143,361,NA,NA,0.33826586244744,-4.34637543794214,-2.28327466967904,-1.17416175528883,0.326837859803831,-0.409589223249777,84.5170263609148,"F",5
"70","414-1-000139","시청뒷길 공영주차장","경상남도 창원시 의창구 중앙대로161번길",35.228771,128.682556,"기본 30분 500원 / 추가 10분당 200원","8시~24시",1,9320,2549.44547628571,65,NA,NA,-3.0906417447515,-0.0893298955181284,-2.28327466967904,-1.17416175528883,-0.565680911198937,-0.133169142036187,86.6374188152737,"F",5
"71","414-1-000117","지귀로73번길(봉곡동10-10번지~봉곡동3-15번지) 공영주차장","경상남도 창원시 의창구 지귀로73번길",35.247581,128.654266,"무료","24시간",0,1476,1231.78940485714,34,NA,NA,-0.0283223469525158,0.356509333587089,0.436733745542635,0.84927233756328,0.326837859803831,0.292933256781891,182.339641863262,"B",2
"72","414-1-000122","지귀로95번길(봉곡동 502-6, 코오롱아파트 앞) 공영주차장","경상남도 창원시 의창구 지귀로95번길(코오롱아파트 앞)",35.24681,128.658306,"무료","24시간",0,326,501.8795238,19,NA,NA,0.420640848798228,0.572237992831549,0.436733745542635,0.84927233756328,0.326837859803831,0.528970837439999,191.346936219795,"B",2
"73","414-1-000095","차룡단지로 177~평산로 접합부 공영주차장","경상남도 창원시 의창구 차룡단지로(차룡단지로 177~평산로 접합부)",35.237758,128.629971,"무료","24시간",0,29,116.296428571429,346,NA,NA,0.536590474135594,-4.13064677869768,0.436733745542635,0.84927233756328,0.326837859803831,0.653660341312178,146.724479796598,"C",3
"74","414-1-000103","차룡로(차룡사거리~사화로 접합부) 공영주차장","경상남도 창원시 의창구 차룡로(차룡사거리~사화로 접합부)",35.242594,128.626793,"무료","24시간",0,64,7122.21654728571,70,NA,NA,0.522926376873615,-0.161239448599615,0.436733745542635,0.84927233756328,0.326837859803831,-1.61190761169355,163.626232594902,"B",2
"75","414-1-000100","차룡로(차룡사거리~차룡삼거리) 공영주차장","경상남도 창원시 의창구 차룡로(차룡사거리~차룡삼거리)",35.242743,128.626358,"무료","24시간",0,70,7500.662857,58,NA,NA,0.520583960200133,0.011343478795953,0.436733745542635,0.84927233756328,0.326837859803831,-1.73428922848242,164.104821534234,"B",2
"76","414-1-000101","차룡로48번길(LPG가스충전소~임시화물터미널) 공영주차장","경상남도 창원시 의창구 차룡로48번길(LPG가스충전소~임시화물터미널)",35.242021,128.632219,"무료","24시간",0,185,789.311190485714,139,NA,NA,0.475687640625059,-1.15359128112413,0.436733745542635,0.84927233756328,0.326837859803831,0.436021451536683,173.709617539474,"B",2
"77","414-1-000133","차상로(팔용동87-1~87-16) 공영주차장","경상남도 창원시 의창구 차상로(팔용동87-1~87-16)",35.253696,128.614122,"무료","24시간",1,513,3346.88416642857,31,NA,NA,0.347635529141368,0.399655065435981,0.436733745542635,0.84927233756328,-0.565680911198937,-0.391044126372445,170.765716401119,"B",2
"78","414-1-000099","창원대로204번길(죽전삼거리~차룡단지로 접합부) 공영주차장","경상남도 창원시 의창구 창원대로204번길(죽전삼거리~차룡단지로 접합부)",35.239803,128.621456,"무료","24시간",0,44,70.5204761914286,62,NA,NA,0.530734432451889,-0.0461841636692364,0.436733745542635,0.84927233756328,0.326837859803831,0.668463326355273,187.658575380477,"B",2
"79","414-1-000140","용원2길 공영주차장","경상남도 창원시 의창구 창원대로397번길",35.235554,128.642753,"기본 30분 500원 / 추가 10분당 200원","8시~24시",0,11201,5253.64428585714,36,NA,NA,-3.82498937188816,0.327745512354494,-2.28327466967904,-1.17416175528883,0.326837859803831,-1.00765044609159,83.6450712921071,"F",5
"80","414-1-000107","천주로(소답동 740번지, 국도 진입부 램프구간) 공영주차장","경상남도 창원시 의창구 천주로",35.270753,128.615072,"무료","24시간",0,0,794.291428557143,70,NA,NA,0.547912154724091,-0.161239448599615,0.436733745542635,0.84927233756328,0.326837859803831,0.434410946766178,184.339275958004,"B",2
"81","414-1-000125","천주로(북창원IC입구) 공영주차장","경상남도 창원시 의창구 천주로(북창원IC입구)",35.286422,128.605599,"무료","24시간",0,518,86.64738095,31,NA,NA,0.3456835152468,0.399655065435981,0.436733745542635,0.84927233756328,0.326837859803831,0.66324822284523,190.214307464378,"B",2
"82","414-1-000111","태복산로(명서동24-1번지~명서동24-14 맞은편) 공영주차장","경상남도 창원시 의창구 태복산로",35.252922,128.64061,"무료","24시간",0,1822,2889.78107157143,5,NA,NA,-0.163401708456653,0.773584741459712,0.436733745542635,0.84927233756328,0.326837859803831,-0.243226551324483,179.798004245883,"B",2
"83","414-1-000132","태복산로13번길(도계동 892 앞) 공영주차장","경상남도 창원시 의창구 태복산로13번길(도계동 892 앞)",35.255123,128.638414,"무료","24시간",0,1050,2673.90619071429,8,NA,NA,0.137989236864716,0.73043900961082,0.436733745542635,0.84927233756328,0.326837859803831,-0.173417132484202,183.078550569011,"B",2
"84","414-1-000097","평산로(평산사거리~차룡단지로 접합부) 공영주차장","경상남도 창원시 의창구 평산로(평산사거리~차룡단지로 접합부)",35.249011,128.616806,"무료","24시간",0,415,3875.28797628572,142,NA,NA,0.38589500147491,-1.19673701297302,0.436733745542635,0.84927233756328,0.326837859803831,-0.561918860536296,162.400830708753,"B",2
"85","417-2-000002","삼계공영주차장","경상남도 창원시 마산회원구 내서읍 삼계6길 26",35.233368,128.503367,"기본 30분 500원 / 추가 10분당 200원","8시~24시",3,11840,9259.43261871429,96,34,0.354166666666667,-4.074456747614,-0.535169124623346,-2.28327466967904,-1.17416175528883,-2.35071845320447,-2.30303856352146,32.7918068606884,"F",5
"86","417-2-000015","신감마을공영주차장","경상남도 창원시 마산회원구 내서읍 신감리 1207-10",35.205255,128.510843,"무료","24시간",0,0,504.153571442857,84,64,0.761904761904762,0.547912154724091,-0.362586197227778,0.436733745542635,0.84927233756328,0.326837859803831,0.528235458021455,183.264053584275,"B",2
"87","417-2-000013","신목마을공영주차장","경상남도 창원시 마산회원구 내서읍 신감리 454",35.191941,128.494233,"무료","24시간",0,0,43.79392857,34,29,0.852941176470588,0.547912154724091,0.356509333587089,0.436733745542635,0.84927233756328,0.326837859803831,0.677106132547688,191.943715637686,"B",2
"88","417-2-000014","안성마을공영주차장","경상남도 창원시 마산회원구 내서읍 안성리 472-4",35.264748,128.550702,"무료","24시간",0,0,197.009404785714,35,26,0.742857142857143,0.547912154724091,0.342127422970792,0.436733745542635,0.84927233756328,0.326837859803831,0.627559453890648,191.304429744953,"B",2
"89","417-2-000007","중리1공영주차장","경상남도 창원시 마산회원구 내서읍 중리 1041-1",35.249769,128.50978,"무료","24시간",0,754,1752.34142842857,18,4,0.222222222222222,0.253548459423169,0.586619903447847,0.436733745542635,0.84927233756328,0.326837859803831,0.124597625987953,185.776099317687,"B",2
"90","417-2-000008","중리2공영주차장","경상남도 창원시 마산회원구 내서읍 중리 1049-2",35.247289,128.508086,"무료","24시간",0,1133,1670.58738128571,41,13,0.317073170731707,0.10558580621488,0.255835959273008,0.436733745542635,0.84927233756328,0.326837859803831,0.151035173961219,181.253008823589,"B",2
"91","417-2-000011","봉암공단공영주차장","경상남도 창원시 마산회원구 봉암동 659",35.216283,128.595582,"무료","24시간",0,5,126.72154762,522,NA,NA,0.545960140829523,-6.66186304716601,0.436733745542635,0.84927233756328,0.326837859803831,0.650289075979075,121.472301125523,"D",4
"92","417-2-000006","마산역번개시장공영주차장","경상남도 창원시 마산회원구 석전동16길 13",35.236508,128.578594,"기본 30분 500원 / 추가 10분당 200원","8시~24시",1,6233,1367.33285714286,44,NA,NA,-1.88546836624494,0.212690227424116,-2.28327466967904,-1.17416175528883,-0.565680911198937,0.249101340840116,105.532058658525,"D",4
"93","417-2-000004","합성2동공영주차장","경상남도 창원시 마산회원구 합성남2길 60",35.239226,128.58719,"기본 30분 500원 / 추가 10분당 200원","8시~24시",0,10594,2133.80119071429,22,NA,NA,-3.58801488508755,0.529092260982657,-2.28327466967904,-1.17416175528883,0.326837859803831,0.0012415217002129,98.1172033243129,"D",4
"94","417-2-000012","현대프라자 앞 공영주차장","경상남도 창원시 마산회원구 호계리 804",35.256494,128.521814,"무료","24시간",0,471,1577.50904728571,94,NA,NA,0.364032445855743,-0.506405303390751,0.436733745542635,0.84927233756328,0.326837859803831,0.181134759319931,176.516058446947,"B",2
"95","417-2-000001","회성동공영주차장","경상남도 창원시 마산회원구 회성남3길 6 일원",35.234247,128.557401,"기본 30분 500원 / 추가 10분당 200원","8시~24시",0,94,7486.73797642857,67,5,0.0746268656716418,0.511214293506204,-0.118093716750723,-2.28327466967904,-1.17416175528883,0.326837859803831,-1.72978621351258,115.327357980789,"D",4
"96","417-2-000003","회원공영주차장","경상남도 창원시 마산회원구 회원동16길 54",35.220292,128.570989,"기본 30분 500원 / 추가 10분당 200원","8시~24시",2,135,5389.45130942857,34,NA,NA,0.495207779570743,0.356509333587089,-2.28327466967904,-1.17416175528883,-1.45819968220171,-1.05156759547139,108.845134105169,"D",4
"97","417-2-000010","삼계2공영주차장","경상남도 창원시 마산회원구 내서읍 삼계리 32-4",35.230771,128.504236,"무료","24시간",1,1330,4623.34619014286,33,1,0.0303030303030303,0.028676458768883,0.370891244203386,0.436733745542635,0.84927233756328,-0.565680911198937,-0.803825232230477,163.160676426488,"B",2
"98","417-2-000005","합성동상가공영주차장","경상남도 창원시 마산회원구 합성남로 22",35.23743,128.584833,"기본 30분 500원 / 추가 10분당 200원","8시~24시",0,14586,3687.14571428571,33,7,0.212121212121212,-5.146502778511,0.370891244203386,-2.28327466967904,-1.17416175528883,0.326837859803831,-0.501077590271936,75.9271231025641,"F",5
"99","417-2-000009","삼계1공영주차장","경상남도 창원시 마산회원구 삼계리 33-6",35.23073,128.503841,"무료","24시간",1,8048,3234.772738,33,2,0.0606060606060606,-2.59404940997329,0.370891244203386,0.436733745542635,0.84927233756328,-0.565680911198937,-0.354789636582447,141.423773695546,"C",3
"100","415-2-000116","남양동 40-4 임시 공영주차장","경상남도 창원시 성산구 남양동 40-4",35.204103,128.704444,"무료","24시간",0,1018,1445.84035728571,25,NA,NA,0.150482125789954,0.485946529133765,0.436733745542635,0.84927233756328,0.326837859803831,0.223713658225932,184.729862560594,"B",2
"101","415-2-000115","남양동 31-6 공영주차장","경상남도 창원시 성산구 남양동 31-6",35.207503,128.704089,"무료","24시간",3,2652,694.601190442857,34,NA,NA,-0.487436014955016,0.356509333587089,0.436733745542635,0.84927233756328,-2.35071845320447,0.466648683547665,152.710096320812,"C",3
"102","415-2-000114","대방동 394-2  공영주차장","경상남도 창원시 성산구 대방동 394-2",35.214494,128.709934,"무료","24시간",0,1775,948.438928571429,42,NA,NA,-0.145052777847709,0.24145404865671,0.436733745542635,0.84927233756328,0.326837859803831,0.384562871117208,180.93808084836,"B",2
"103","415-2-000113","가음정동주민센터앞공영주차장","경상남도 창원시 성산구 남양동 502-5",35.212098,128.699626,"무료","24시간",0,1085,2202.29428585714,148,13,0.0878378378378378,0.124325139602737,-1.28302847667081,0.436733745542635,0.84927233756328,0.326837859803831,-0.0209077119091347,164.332328939325,"B",2
"104","415-2-000112","가음동 41-9 공영주차장","경상남도 창원시 성산구 가음동 41-9",35.204828,128.700324,"무료","24시간",0,667,466.779999985714,43,NA,NA,0.28751350118866,0.227072138040413,0.436733745542635,0.84927233756328,0.326837859803831,0.540321288911318,186.677508710501,"B",2
"105","415-2-000111","가음동 37-5 공영주차장","경상남도 창원시 성산구 가음동 37-5",35.205479,128.702716,"무료","24시간",3,1121,1357.772143,45,NA,NA,0.110270639561844,0.198308316807818,0.436733745542635,0.84927233756328,-2.35071845320447,0.252193075716175,154.960596619873,"C",3
"106","415-2-000110","가음동 체육공원 공영주차장","경상남도 창원시 성산구 가음동 31",35.207441,128.690041,"무료","24시간",0,0,319.243452371429,76,NA,NA,0.547912154724091,-0.247530912297399,0.436733745542635,0.84927233756328,0.326837859803831,0.588031520901998,185.012567062384,"B",2
"107","415-2-000109","장미공원 공영주차장","경상남도 창원시 성산구 가음동 31",35.207441,128.690041,"무료","24시간",0,0,319.243452371429,94,NA,NA,0.547912154724091,-0.506405303390751,0.436733745542635,0.84927233756328,0.326837859803831,0.588031520901998,182.423823151451,"B",2
"108","415-2-000108","기업사랑공원 공영주차장","경상남도 창원시 성산구 가음동 30",35.205875,128.693422,"무료","24시간",0,4025,1310.90452414286,16,NA,NA,-1.02345903040351,0.615383724680441,0.436733745542635,0.84927233756328,0.326837859803831,0.267349082852595,174.721177200393,"B",2
"109","415-2-000107","남산녹지공원 공영주차장","경상남도 창원시 성산구 가음동 29",35.204398,128.695558,"무료","24시간",0,34,499.542380985714,103,NA,NA,0.534638460241026,-0.635842498937427,0.436733745542635,0.84927233756328,0.326837859803831,0.529726620516586,180.413665247299,"B",2
"110","415-2-000106","가음동 24-2 임시 공영주차장","경상남도 창원시 성산구 가음동 24-2",35.206529,128.696875,"무료","24시간",0,1978,1468.97238085714,60,NA,NA,-0.224304541967188,-0.0174203424366417,0.436733745542635,0.84927233756328,0.326837859803831,0.216233245888427,175.873523043943,"B",2
"111","415-2-000105","가음동 22-6 임시 공영주차장","경상남도 창원시 성산구 가음동 22-6",35.208062,128.695883,"무료","24시간",0,1258,1808.20357128571,52,NA,NA,0.0567854588506687,0.097634942493737,0.436733745542635,0.84927233756328,0.326837859803831,0.106532978018973,178.737973222731,"B",2
"112","415-2-000104","가음동 18 임시 공영주차장","경상남도 창원시 성산구 가음동 18",35.206047,128.699432,"무료","24시간",0,1570,1038.14,112,NA,NA,-0.0650202081704027,-0.765279694484103,0.436733745542635,0.84927233756328,0.326837859803831,0.355555421797882,171.380994620531,"B",2
"113","415-2-000103","가음동 20-6 임시 공영주차장","경상남도 창원시 성산구 가음동 20-6",35.20677,128.699005,"무료","24시간",0,1550,1005.39464285714,136,NA,NA,-0.0572121525921289,-1.11044554927524,0.436733745542635,0.84927233756328,0.326837859803831,0.366144585033474,168.113308260759,"B",2
"114","415-2-000102","가음동 20-2 임시 공영주차장","경상남도 창원시 성산구 가음동 20-2",35.207331,128.699259,"무료","24시간",0,881,1616.91988128571,62,NA,NA,0.20396730650113,-0.0461841636692364,0.436733745542635,0.84927233756328,0.326837859803831,0.168390120357646,179.390172060993,"B",2
"115","415-2-000101","가음동 19-1 임시 공영주차장","경상남도 창원시 성산구 가음동 19-1",35.204825,128.698373,"무료","24시간",0,1124,4583.020595,41,NA,NA,0.109099431225103,0.255835959273008,0.436733745542635,0.84927233756328,0.326837859803831,-0.790784778657863,171.8699455475,"B",2
"116","415-2-000176","성주동 111-1 임시주차장","경상남도 창원시 성산구 성주동 111-1",35.1997044,128.710627,"무료","24시간",0,901,1871.25119047619,28,NA,NA,0.196159250922856,0.442800797284873,0.436733745542635,0.84927233756328,0.326837859803831,0.0861446973747652,183.379486884922,"B",2
"117","415-2-000175","천선일반산단 공영주차장(2)","경상남도 창원시 성산구 천선동 89-4",35.1843,128.7065,"무료","24시간",0,850,175.847738085714,34,NA,NA,0.216069792647454,0.356509333587089,0.436733745542635,0.84927233756328,0.326837859803831,0.63440269404973,188.19825763194,"B",2
"118","415-2-000174","천선일반산단 공영주차장(1)","경상남도 창원시 성산구 천선동 83-2",35.186545,128.7084551,"무료","24시간",0,0,63.515,34,NA,NA,0.547912154724091,0.356509333587089,0.436733745542635,0.84927233756328,0.326837859803831,0.670728750751485,191.879941819724,"B",2
"119","415-2-000160","용호마을 공영주차장","경상남도 창원시 성산구 귀곡동 754-4",35.178807,128.620659,"무료","24시간",0,0,550.931428557143,44,NA,NA,0.547912154724091,0.212690227424116,0.436733745542635,0.84927233756328,0.326837859803831,0.513108477954224,188.865548030122,"B",2
"120","415-2-000159","웅남주민쉼터 공영주차장","경상남도 창원시 성산구 양곡동 산47-11",35.197853,128.633236,"무료","24시간",0,0,0,7,NA,NA,0.547912154724091,0.744820920227117,0.436733745542635,0.84927233756328,0.326837859803831,0.691268172568582,195.968451904295,"A",1
"121","415-2-000090","사파동 90-1 임시 공영주차장","경상남도 창원시 성산구 사파동 90-1",35.221078,128.70296,"무료","24시간",0,94,518.342857157143,12,NA,NA,0.511214293506204,0.67291136714563,0.436733745542635,0.84927233756328,0.326837859803831,0.523646939961642,193.206165435232,"B",2
"122","415-2-000089","창원지방법원옆 공영주차장","경상남도 창원시 성산구 사파동 64-2",35.223936,128.702709,"무료","24시간",0,470,952.058214285714,152,NA,NA,0.364422848634657,-1.340556119136,0.436733745542635,0.84927233756328,0.326837859803831,0.383392469858256,170.201031422667,"B",2
"123","415-2-000088","토월초등학교뒤 임시 공영주차장","경상남도 창원시 성산구 사파동 46-3",35.228242,128.700894,"무료","24시간",0,67,818.290595271429,65,NA,NA,0.521755168536874,-0.0893298955181284,0.436733745542635,0.84927233756328,0.326837859803831,0.42665011848304,184.719193344115,"B",2
"124","415-2-000087","사파동 39-18  임시 공영주차장","경상남도 창원시 성산구 사파동 39-18",35.22976,128.703639,"무료","24시간",0,0,280.489404785714,23,NA,NA,0.547912154724091,0.51471035036636,0.436733745542635,0.84927233756328,0.326837859803831,0.600563768882519,192.760302168827,"B",2
"125","415-2-000086","사파동 30-22  임시 공영주차장","경상남도 창원시 성산구 사파동 30-22",35.229822,128.699544,"무료","24시간",0,0,837.8363095,14,NA,NA,0.547912154724091,0.644147545913036,0.436733745542635,0.84927233756328,0.326837859803831,0.420329443536066,192.252330870829,"B",2
"126","415-2-000085","사파동 8  임시 공영주차장","경상남도 창원시 성산구 사파동 8",35.226099,128.699788,"무료","24시간",0,168,1730.62071414286,22,NA,NA,0.482324487866591,0.529092260982657,0.436733745542635,0.84927233756328,0.326837859803831,0.131621650437027,187.55882342196,"B",2
"127","415-2-000084","창원지방검찰청옆 공영주차장","경상남도 창원시 성산구 사파동 6",35.226301,128.700403,"무료","24시간",0,180,990.977737857143,49,NA,NA,0.477639654519627,0.140780674342629,0.436733745542635,0.84927233756328,0.326837859803831,0.370806710406882,186.020709821789,"B",2
"128","415-2-000083","가음정천복개(대방동) 공영주차장","경상남도 창원시 성산구 대방동 394-2",35.214494,128.709934,"무료","24시간",0,1775,948.438928571429,18,NA,NA,-0.145052777847709,0.586619903447847,0.436733745542635,0.84927233756328,0.326837859803831,0.384562871117208,184.389739396271,"B",2
"129","415-2-000082","남양치안센터옆 공영주차장","경상남도 창원시 성산구 대방동 344-1",35.21534,128.709164,"무료","24시간",0,1902,2324.69976157143,39,NA,NA,-0.194633930769748,0.284599780505602,0.436733745542635,0.84927233756328,0.326837859803831,-0.0604910811670752,176.423187114785,"B",2
"130","415-2-000081","대방동우체국옆 공영주차장","경상남도 창원시 성산구 대방동 338-2",35.21643,128.707974,"무료","24시간",0,1521,745.8757143,60,NA,NA,-0.0458904720036318,-0.0174203424366417,0.436733745542635,0.84927233756328,0.326837859803831,0.450067575557857,179.996007040273,"B",2
"131","415-2-000080","창원노인종합복지회관 공영주차장","경상남도 창원시 성산구 대방동 330",35.216569,128.705023,"무료","24시간",0,1002,480.537857157143,159,NA,NA,0.156728570252574,-1.44122949345008,0.436733745542635,0.84927233756328,0.326837859803831,0.53587228581373,168.64215305526,"B",2
"132","415-2-000079","대방체육공원 공영주차장","경상남도 창원시 성산구 대방동 263",35.216667,128.710714,"무료","24시간",0,17,31.8452380942857,47,NA,NA,0.541275307482559,0.169544495575224,0.436733745542635,0.84927233756328,0.326837859803831,0.680970088996442,190.04633834964,"B",2
"133","415-2-000078","상남동 토월천사거리 공영주차장","경상남도 창원시 성산구 상남동 502-1",35.217094,128.680841,"무료","24시간",3,8217,534.293928571429,36,NA,NA,-2.6600274796097,0.327745512354494,0.436733745542635,0.84927233756328,-2.35071845320447,0.518488697275463,131.214943599217,"C",3
"134","415-2-000077","상남동 93-2 임시 공영주차장","경상남도 창원시 성산구 상남동 93-2",35.217021,128.68482,"무료","24시간",0,2458,2225.54511871429,20,NA,NA,-0.41169787584576,0.557856082215252,0.436733745542635,0.84927233756328,0.326837859803831,-0.0284265446833086,177.305756045959,"B",2
"135","415-2-000076","상남동 94-2 임시 공영주차장","경상남도 창원시 성산구 상남동 94-2",35.21725,128.684463,"무료","24시간",0,2641,2024.10797628571,53,NA,NA,-0.483141584386965,0.0832530318774397,0.436733745542635,0.84927233756328,0.326837859803831,0.0367140116887461,172.49669402089,"B",2
"136","415-2-000075","상남동 58-2 임시 공영주차장","경상남도 창원시 성산구 상남동 58-2",35.216443,128.683404,"무료","24시간",3,8888,927.162142871429,11,NA,NA,-2.92198774426079,0.687293277761928,0.436733745542635,0.84927233756328,-2.35071845320447,0.391443338351786,130.920365017544,"C",3
"137","415-2-000074","중앙여고옆 임시 공영주차장","경상남도 창원시 성산구 상남동 45-5",35.21407,128.692836,"무료","24시간",0,4347,2559.10797585714,26,NA,NA,-1.14916872521372,0.471564618517468,0.436733745542635,0.84927233756328,0.326837859803831,-0.136293792189775,167.989460440237,"B",2
"138","415-2-000073","대상공원(외동배수지 앞) 공영주차장","경상남도 창원시 성산구 내동 628",35.218735,128.661413,"무료","24시간",0,161,628.7745238,35,NA,NA,0.485057307318987,0.342127422970792,0.436733745542635,0.84927233756328,0.326837859803831,0.487935649980651,189.279643231802,"B",2
"139","415-2-000072","중앙동 3-2,3 임시 공영주차장","경상남도 창원시 성산구 중앙동 3-2",35.230268,128.674781,"무료","24시간",0,1,8092.23928557143,20,NA,NA,0.547521751945178,0.557856082215252,0.436733745542635,0.84927233756328,0.326837859803831,-1.92559266552061,167.926291115496,"B",2
"140","415-2-000071","중앙동 155-6 임시 공영주차장","경상남도 창원시 성산구 중앙동 155-6",35.219792,128.673223,"무료","24시간",0,2324,744.170238071429,12,NA,NA,-0.359383903471325,0.67291136714563,0.436733745542635,0.84927233756328,0.326837859803831,0.450619090879556,183.769904974636,"B",2
"141","415-2-000070","중앙동 2-6 임시 공영주차장","경상남도 창원시 성산구 중앙동 2-6",35.230973,128.673577,"무료","24시간",0,0,1581.41166642857,10,NA,NA,0.547912154724091,0.701675188378225,0.436733745542635,0.84927233756328,0.326837859803831,0.179872733959519,190.423040199716,"B",2
"142","415-2-000069","중앙체육공원 공영주차장","경상남도 창원시 성산구 상남동 68",35.216284,128.675261,"무료","24시간",0,552,448.280357142857,44,NA,NA,0.332409820763734,0.212690227424116,0.436733745542635,0.84927233756328,0.326837859803831,0.546303686263363,187.04247677361,"B",2
"143","415-2-000068","중앙동 157-1 공영주차장","경상남도 창원시 성산구 중앙동 157-1",35.219728,128.671863,"무료","24시간",0,49,114.041785691429,5,NA,NA,0.52878241855732,0.773584741459712,0.436733745542635,0.84927233756328,0.326837859803831,0.654389445636499,195.696005485633,"A",1
"144","415-2-000067","중앙동 156-1 공영주차장","경상남도 창원시 성산구 중앙동 156-1",35.219928,128.67246,"무료","24시간",0,232,219.339880942857,6,NA,NA,0.457338710016115,0.759202830843415,0.436733745542635,0.84927233756328,0.326837859803831,0.620338245212883,194.497237289822,"A",1
"145","415-2-000066","중앙동 153-1 공영주차장","경상남도 창원시 성산구 중앙동 153-1",35.220768,128.673364,"무료","24시간",0,215,1110.6995238,15,NA,NA,0.463975557257648,0.629765635296739,0.436733745542635,0.84927233756328,0.326837859803831,0.332091190259254,190.386763257234,"B",2
"146","415-2-000065","중앙동주민센터옆 공영주차장","경상남도 창원시 성산구 용지로21번길",35.22124,128.673402,"무료","24시간",5,215,1518.21428571429,8,NA,NA,0.463975557257648,0.73043900961082,0.436733745542635,0.84927233756328,-4.13575599521001,0.200309444346457,145.449740991108,"C",3
"147","415-2-000064","중앙동 82-5 임시 공영주차장","경상남도 창원시 성산구 중앙동 119",35.223887,128.67632,"무료","24시간",3,7777,1657.88071428571,72,NA,NA,-2.48825025688768,-0.19000326983221,0.436733745542635,0.84927233756328,-2.35071845320447,0.155144244155699,124.121783473373,"D",4
"148","415-2-000063","중앙동 102-3  차량 견인보관소","경상남도 창원시 성산구 중앙대로21번길",35.219253,128.673961,"무료","24시간",3,2873,2684.99499985714,64,NA,NA,-0.573715029094941,-0.0749479849018311,0.436733745542635,0.84927233756328,-2.35071845320447,-0.177003021304708,141.096215946,"C",3
"149","415-2-000062","중앙동 86-6 임시 공영주차장","경상남도 창원시 성산구 용지로121번길",35.226218,128.678912,"무료","24시간",1,5535,8292.73023842857,7,NA,NA,-1.61296722656319,0.744820920227117,0.436733745542635,0.84927233756328,-0.565680911198937,-1.99042724398624,138.617516215847,"C",3
"150","415-2-000061","중앙동 88-5 임시 공영주차장","경상남도 창원시 성산구 용지로123번길",35.226672,128.679295,"무료","24시간",1,5299,9944.401312,7,NA,NA,-1.52083217073955,0.744820920227117,0.436733745542635,0.84927233756328,-0.565680911198937,-2.52454310454171,134.197708168528,"C",3
"151","415-2-000060","중앙동 82-1 임시 공영주차장","경상남도 창원시 성산구 원이대로580번길",35.225572,128.677587,"무료","24시간",1,5268,18026.3457157143,7,NA,NA,-1.50872968459323,0.744820920227117,0.436733745542635,0.84927233756328,-0.565680911198937,-5.13807479328002,108.183416142608,"D",4
"152","415-2-000059","중앙동 68  임시 공영주차장","경상남도 창원시 성산구 원이대로580번길",35.225351,128.677561,"무료","24시간",0,2816,17982.2580928571,10,NA,NA,-0.551462070696861,0.701675188378225,0.436733745542635,0.84927233756328,0.326837859803831,-5.12381777867283,126.392392819183,"C",3
"153","415-2-000058","중앙동 삼각지 공영주차장","경상남도 창원시 성산구 용지로107번길",35.225312,128.678179,"무료","24시간",0,2989,5547.04238128571,15,NA,NA,-0.619001751448929,0.629765635296739,0.436733745542635,0.84927233756328,0.326837859803831,-1.10252925019047,165.210785765671,"B",2
"154","415-2-000057","중앙동 66-1 임시공영주차장","경상남도 창원시 성산구 원이대로580번길",35.225369,128.67724,"무료","24시간",0,2100,17791.38167,18,NA,NA,-0.271933680994659,0.586619903447847,0.436733745542635,0.84927233756328,0.326837859803831,-5.06209233800525,128.654378273577,"C",3
"155","415-2-000056","중앙동 27-6 임시 공영주차장","경상남도 창원시 성산구 원이대로552번길",35.227129,128.674791,"무료","24시간",0,515,1177.22892857143,7,NA,NA,0.346854723583541,0.744820920227117,0.436733745542635,0.84927233756328,0.326837859803831,0.31057697302174,190.150965597421,"B",2
"156","415-2-000055","중앙동 16-4 임시 공영주차장","경상남도 창원시 성산구 외동반림로130번길",35.229025,128.674183,"무료","24시간",0,0,617.425714285714,12,NA,NA,0.547912154724091,0.67291136714563,0.436733745542635,0.84927233756328,0.326837859803831,0.49160561748023,193.252730822597,"B",2
"157","415-2-000054","중앙동 6-8 임시 공영주차장","경상남도 창원시 성산구 외동반림로142번길",35.229619,128.675426,"무료","24시간",0,4,7711.94380985714,12,0,0,0.546350543608437,0.67291136714563,0.436733745542635,0.84927233756328,0.326837859803831,-1.80261306714496,170.294927865189,"B",2
"158","415-2-000158","귀산동 505-1 공영주차장","경상남도 창원시 성산구 귀산동 505-1",35.163985,128.610927,"무료","24시간",0,0,22.0469047642857,40,NA,NA,0.547912154724091,0.270217869889305,0.436733745542635,0.84927233756328,0.326837859803831,0.684138664944949,191.151126324681,"B",2
"159","415-2-000157","웅남공단 공영주차장(2)","경상남도 창원시 성산구 신촌동 503-13",35.209567,128.6483,"무료","24시간",0,2,39.2167857128571,52,NA,NA,0.547131349166264,0.097634942493737,0.436733745542635,0.84927233756328,0.326837859803831,0.678586284761495,189.361965193312,"B",2
"160","415-2-000156","웅남공단 공영주차장","경상남도 창원시 성산구 신촌동 121",35.213083,128.646514,"무료","24시간",0,36,169.532857165714,180,NA,NA,0.533857654683198,-1.74324961639232,0.436733745542635,0.84927233756328,0.326837859803831,0.636444794387297,170.398967755879,"B",2
"161","415-2-000155","봉산마을 공영주차장","경상남도 창원시 성산구 양곡동 974-3",35.198858,128.627261,"무료","24시간",0,51,578.91,46,NA,NA,0.528001612999493,0.183926406191521,0.436733745542635,0.84927233756328,0.326837859803831,0.50406079345915,188.288327555599,"B",2
"162","415-2-000154","신촌동 12-8 임시 공영주차장","경상남도 창원시 성산구 신촌동 12-8",35.205692,128.626815,"무료","24시간",0,17,555.909761928571,53,NA,NA,0.541275307482559,0.0832530318774397,0.436733745542635,0.84927233756328,0.326837859803831,0.511498589123839,187.488708713936,"B",2
"163","415-2-000153","웅남복지관옆 공영주차장","경상남도 창원시 성산구 양곡동 982",35.196468,128.623444,"무료","24시간",0,0,1.85154761914286,21,NA,NA,0.547912154724091,0.543474171598955,0.436733745542635,0.84927233756328,0.326837859803831,0.690669420816019,193.948996900488,"B",2
"164","415-2-000152","양곡동 830-1 임시 공영주차장","경상남도 창원시 성산구 양곡동 830-1",35.21185,128.621331,"무료","24시간",0,0,68.03095238,200,NA,NA,0.547912154724091,-2.03088782871827,0.436733745542635,0.84927233756328,0.326837859803831,0.669268386257449,167.99136655173,"B",2
"165","415-2-000151","신촌동 504-3 임시 공영주차장","경상남도 창원시 성산구 신촌동 504-3",35.206424,128.652327,"무료","24시간",0,25,853.271904728571,155,NA,NA,0.538152085251249,-1.38370185098489,0.436733745542635,0.84927233756328,0.326837859803831,0.41533789506094,171.82632072237,"B",2
"166","415-2-000150","신촌동 134-7 공영주차장","경상남도 창원시 성산구 신촌동 134-7",35.213798,128.63901,"무료","24시간",0,36,889.331785485714,20,NA,NA,0.533857654683198,0.557856082215252,0.436733745542635,0.84927233756328,0.326837859803831,0.403676884251758,191.0823456406,"B",2
"167","415-2-000149","신촌동 91 임시 공영주차장","경상남도 창원시 성산구 신촌동 91",35.218004,128.646183,"무료","24시간",0,8,16.2795238071429,450,NA,NA,0.544788932492782,-5.6263654827926,0.436733745542635,0.84927233756328,0.326837859803831,0.6860037152521,132.17271107862,"C",3
"168","415-2-000148","신촌동 81-9 임시 공영주차장","경상남도 창원시 성산구 신촌동 81-9",35.206477,128.635416,"무료","24시간",0,4,321.305714271428,60,NA,NA,0.546350543608437,-0.0174203424366417,0.436733745542635,0.84927233756328,0.326837859803831,0.587364628560639,187.291387726422,"B",2
"169","415-2-000147","양곡초등학교정문앞 임시공영주차장","경상남도 창원시 성산구 신촌동 46",35.200926,128.62744,"무료","24시간",4,4781,1382.21345214286,10,NA,NA,-1.31860353126226,0.701675188378225,0.436733745542635,0.84927233756328,-3.24323722420724,0.244289267824382,136.70129783839,"C",3
"170","415-2-000146","신촌동 22-2 임시 공영주차장","경상남도 창원시 성산구 신촌동 22-2",35.20138,128.628753,"무료","24시간",4,4772,2446.87261914286,18,NA,NA,-1.31508990625204,0.586619903447847,0.436733745542635,0.84927233756328,-3.24323722420724,-0.099999226585633,132.142996295088,"C",3
"171","415-2-000145","양곡동 우체국옆 임시 공영주차장","경상남도 창원시 성산구 신촌동 45",35.206831,128.627361,"무료","24시간",3,1354,4819.14845271429,70,NA,NA,0.0193067920749545,-0.161239448599615,0.436733745542635,0.84927233756328,-2.35071845320447,-0.867143586378262,139.262113869985,"C",3
"172","415-2-000100","사파동 119-8 임시 공영주차장","경상남도 창원시 성산구 사파동 119-8",35.222229,128.697921,"무료","24시간",0,1323,161.8561905,11,NA,NA,0.0314092782212789,0.687293277761928,0.436733745542635,0.84927233756328,0.326837859803831,0.638927267736843,189.704737666298,"B",2
"173","415-2-000099","사파동 63-7 임시 공영주차장","경상남도 창원시 성산구 사파동 63-7",35.224314,128.702492,"무료","24시간",0,470,845.145714271429,11,NA,NA,0.364422848634657,0.687293277761928,0.436733745542635,0.84927233756328,0.326837859803831,0.417965734997417,190.825258043037,"B",2
"174","415-2-000098","사파동 17-5 임시 공영주차장","경상남도 창원시 성산구 사파동 17-5",35.229346,128.697017,"무료","24시간",0,0,1320.90773785714,7,NA,NA,0.547912154724091,0.744820920227117,0.436733745542635,0.84927233756328,0.326837859803831,0.264114252875357,191.696912707363,"B",2
"175","415-2-000097","사파동 75-9 임시 공영 주차장","경상남도 창원시 성산구 사파동 75-9",35.223137,128.702157,"무료","24시간",0,562,1397.96595271429,8,NA,NA,0.328505792974597,0.73043900961082,0.436733745542635,0.84927233756328,0.326837859803831,0.239195238793276,189.109839842884,"B",2
"176","415-2-000096","사파동 57-7 임시 공영 주차장","경상남도 창원시 성산구 사파동 57-7",35.226062,128.702619,"무료","24시간",0,0,417.418690442857,9,NA,NA,0.547912154724091,0.716057098994523,0.436733745542635,0.84927233756328,0.326837859803831,0.556283703429858,194.330969000582,"A",1
"177","415-2-000144","죽골마을 공영주차장","경상남도 창원시 성산구 불모산동 381-1",35.190355,128.724372,"무료","24시간",0,1,8975.52833357143,28,NA,NA,0.547521751945178,0.442800797284873,0.436733745542635,0.84927233756328,0.326837859803831,-2.21122985899135,163.919366331485,"B",2
"178","415-2-000143","솟대공원 임시공영주차장","경상남도 창원시 성산구 성주동 104",35.191065,128.702917,"무료","24시간",0,155,90.4776190714286,42,NA,NA,0.487399723992469,0.24145404865671,0.436733745542635,0.84927233756328,0.326837859803831,0.662009603992423,190.037073195513,"B",2
"179","415-2-000142","불모산동 242-8 공영주차장","경상남도 창원시 성산구 불모산동 242-8",35.187106,128.721649,"무료","24시간",0,0,65.7152380928571,68,NA,NA,0.547912154724091,-0.13247562736702,0.436733745542635,0.84927233756328,0.326837859803831,0.670017239796794,186.982977100636,"B",2
"180","415-2-000141","불모산동 296-2  공영주차장","경상남도 창원시 성산구 불모산동 296-2",35.190316,128.722059,"무료","24시간",0,80,1910.09333342857,92,NA,NA,0.516679932410996,-0.477641482158157,0.436733745542635,0.84927233756328,0.326837859803831,0.0735839611962405,177.254663543588,"B",2
"181","415-2-000140","성주동 170  공영주차장","경상남도 창원시 성산구 성주동 170",35.191065,128.702917,"무료","24시간",0,155,90.4776190714286,53,NA,NA,0.487399723992469,0.0832530318774397,0.436733745542635,0.84927233756328,0.326837859803831,0.662009603992423,188.455063027721,"B",2
"182","415-2-000139","성주동 164 공영주차장","경상남도 창원시 성산구 삼정자동 175-2",35.195052,128.714288,"무료","24시간",0,25,3516.587738,34,NA,NA,0.538152085251249,0.356509333587089,0.436733745542635,0.84927233756328,0.326837859803831,-0.445922710019985,180.615826517281,"B",2
"183","415-2-000138","성주동 159 공영주차장","경상남도 창원시 성산구 성주동 159",35.191065,128.702917,"무료","24시간",0,155,90.4776190714286,43,NA,NA,0.487399723992469,0.227072138040413,0.436733745542635,0.84927233756328,0.326837859803831,0.662009603992423,189.893254089351,"B",2
"184","415-2-000053","내동 453 임시 공영주차장","경상남도 창원시 성산구 삼동로128번길",35.220815,128.659087,"무료","24시간",0,7,58.86904762,59,NA,NA,0.545179335271695,-0.00303843182034437,0.436733745542635,0.84927233756328,0.326837859803831,0.672231154525003,188.272160008861,"B",2
"185","415-2-000095","사파동 21-7 임시 공영 주차장","경상남도 창원시 성산구 사파동 21-7",35.228378,128.697346,"무료","24시간",0,0,1090.78119022857,8,NA,NA,0.547912154724091,0.73043900961082,0.436733745542635,0.84927233756328,0.326837859803831,0.338532362503877,192.297274697485,"B",2
"186","415-2-000094","사파중학교옆 공영주차장","경상남도 창원시 성산구 사파정동 628-6",35.218316,128.701389,"무료","24시간",0,94,3191.97904771429,134,NA,NA,0.511214293506204,-1.08168172804264,0.436733745542635,0.84927233756328,0.326837859803831,-0.340951052690634,167.014254556827,"B",2
"187","415-2-000093","삼익1차아파트 옆 공영주차장","경상남도 창원시 성산구 사파정동 산 88-14",35.218153,128.696676,"무료","24시간",0,554,460.676309514286,78,NA,NA,0.331629015205907,-0.276294733529994,0.436733745542635,0.84927233756328,0.326837859803831,0.542295094677416,182.104733192631,"B",2
"188","415-2-000092","사파민원센터옆 임시 공영주차장","경상남도 창원시 성산구 사파동 502-2",35.222208,128.698481,"무료","24시간",0,1931,525.7088095,31,NA,NA,-0.205955611358245,0.399655065435981,0.436733745542635,0.84927233756328,0.326837859803831,0.521264945121768,183.278083421093,"B",2
"189","415-2-000091","사파동 137-8 임시 공영주차장","경상남도 창원시 성산구 사파동 137-8",35.222466,128.69531,"무료","24시간",0,3509,2643.04011914286,12,NA,NA,-0.822011196484048,0.67291136714563,0.436733745542635,0.84927233756328,0.326837859803831,-0.163435690874468,173.003084226969,"B",2
"190","415-2-000137","성주동 144-2 공영주차장","경상남도 창원시 성산구 성주동 144-2",35.191065,128.702917,"무료","24시간",0,155,90.4776190714286,116,NA,NA,0.487399723992469,-0.822807336949293,0.436733745542635,0.84927233756328,0.326837859803831,0.662009603992423,179.394459339453,"B",2
"191","415-2-000136","성주주민운동장 공영주차장","경상남도 창원시 성산구 천선동 1216",35.183973,128.697166,"무료","24시간",0,0,47.0366666657143,40,NA,NA,0.547912154724091,0.270217869889305,0.436733745542635,0.84927233756328,0.326837859803831,0.676057498908544,191.070314664317,"B",2
"192","415-2-000117","남양동 41-1 임시 공영주차장","경상남도 창원시 성산구 남양동 41-1",35.205042,128.704222,"무료","24시간",0,920,859.626904785714,20,NA,NA,0.188741598123496,0.557856082215252,0.436733745542635,0.84927233756328,0.326837859803831,0.413282821033996,187.727244442825,"B",2
"193","415-2-000135","천선동 1155-18 임시 공영주차장","경상남도 창원시 성산구 천선동 1155-18",35.186723,128.694107,"무료","24시간",0,1093,1605.99547585714,25,NA,NA,0.121201917371428,0.485946529133765,0.436733745542635,0.84927233756328,0.326837859803831,0.171922844457439,183.919152338724,"B",2
"194","415-2-000134","천선동 154-2 공영주차장","경상남도 창원시 성산구 천선동 154-2",35.180681,128.71486,"무료","24시간",0,0,18.3292857157143,93,NA,NA,0.547912154724091,-0.492023392774454,0.436733745542635,0.84927233756328,0.326837859803831,0.68534086514638,183.540735700058,"B",2
"195","415-2-000133","성주사 입구 임시 공영주차장","경상남도 창원시 성산구 천선동 148",35.17829,128.714613,"무료","24시간",0,0,3.03130952357143,195,NA,NA,0.547912154724091,-1.95897827563678,0.436733745542635,0.84927233756328,0.326837859803831,0.690287910505088,168.920657325021,"B",2
"196","415-2-000132","안민고개 임시 공영주차장","경상남도 창원시 성산구 천선동 산 52-10",35.169339,128.700416,"무료","24시간",0,0,3.53369047642857,11,NA,NA,0.547912154724091,0.687293277761928,0.436733745542635,0.84927233756328,0.326837859803831,0.690125451018295,195.381748264141,"A",1
"197","415-2-000131","안민동 237 공영주차장","경상남도 창원시 성산구 안민동 237",35.187419,128.689728,"무료","24시간",0,1206,3104.26952371429,37,NA,NA,0.0770864033541807,0.313363601738197,0.436733745542635,0.84927233756328,0.326837859803831,-0.312587628132455,176.907063198697,"B",2
"198","415-2-000130","안민동 산144-7 임시공영주차장","경상남도 창원시 성산구 안민동 산 144-7",35.171732,128.690899,"무료","24시간",0,0,0,8,NA,NA,0.547912154724091,0.73043900961082,0.436733745542635,0.84927233756328,0.326837859803831,0.691268172568582,195.824632798132,"A",1
"199","415-2-000129","천선동 쓰레기 매립장 입구 임시공영주차장","경상남도 창원시 성산구 안민동 산 144-4",35.171732,128.690899,"무료","24시간",0,0,0,10,NA,NA,0.547912154724091,0.701675188378225,0.436733745542635,0.84927233756328,0.326837859803831,0.691268172568582,195.536994585806,"A",1
"200","415-2-000128","안민동 124 임시 공영주차장","경상남도 창원시 성산구 안민동 124",35.186123,128.692416,"무료","24시간",0,1216,1801.23249985714,42,NA,NA,0.0731823755650438,0.24145404865671,0.436733745542635,0.84927233756328,0.326837859803831,0.108787276634868,180.362676437664,"B",2
"201","415-2-000127","안민동 예비군훈련장 임시주차장","경상남도 창원시 성산구 안민동 산92-6",35.186296,128.689094,"무료","24시간",0,941,5375.730833,80,NA,NA,0.180543139766309,-0.305058554762588,0.436733745542635,0.84927233756328,0.326837859803831,-1.04713068052377,164.411978473897,"B",2
"202","415-2-000126","성주동 128-3 공영주차장","경상남도 창원시 성산구 성주동 128-3",35.191065,128.702917,"무료","24시간",0,155,90.4776190714286,45,NA,NA,0.487399723992469,0.198308316807818,0.436733745542635,0.84927233756328,0.326837859803831,0.662009603992423,189.605615877025,"B",2
"203","415-2-000125","성주동 70-21 임시 공영주차장","경상남도 창원시 성산구 성주동 70-21",35.18639,128.694826,"무료","24시간",0,816,1447.999643,15,NA,NA,0.22934348713052,0.629765635296739,0.436733745542635,0.84927233756328,0.326837859803831,0.223015390413457,186.949684557505,"B",2
"204","415-2-000124","남양동 31-8 임시주차장","경상남도 창원시 성산구 남양동 31-8",35.207144,128.704001,"무료","24시간",3,2652,639.549523785714,13,NA,NA,-0.487436014955016,0.658529456529333,0.436733745542635,0.84927233756328,-2.35071845320447,0.484451240474458,155.908323119502,"C",3
"205","415-2-000123","기업사랑공원 공영주차장","경상남도 창원시 성산구 가음동 619",35.206111,128.696829,"무료","24시간",0,1460,864.78,86,NA,NA,-0.0220759024898967,-0.391350018460372,0.436733745542635,0.84927233756328,0.326837859803831,0.411616417880885,176.110344398404,"B",2
"206","415-2-000122","남양동 37번지 임시공영주차장","경상남도 창원시 성산구 남양동 37",35.206362,128.70552,"무료","24시간",0,3453,1378.80892871429,47,NA,NA,-0.800148640864882,0.169544495575224,0.436733745542635,0.84927233756328,0.326837859803831,0.245390219454478,172.276300170746,"B",2
"207","415-2-000121","가음동 1-5 공영주차장","경상남도 창원시 성산구 가음동 1-5",35.206111,128.696829,"무료","24시간",0,1460,864.78,63,NA,NA,-0.0220759024898967,-0.0605660742855337,0.436733745542635,0.84927233756328,0.326837859803831,0.411616417880885,179.418183840152,"B",2
"208","415-2-000120","불곡사앞 공영주차장","경상남도 창원시 성산구 대방동 1032",35.210217,128.716599,"무료","24시간",0,1791,0.0807142855714286,69,NA,NA,-0.151299222310328,-0.146857537983318,0.436733745542635,0.84927233756328,0.326837859803831,0.691242071257742,180.059292538738,"B",2
"209","415-2-000119","남양동 버스 회차장 주차장","경상남도 창원시 성산구 남양동 45",35.204359,128.70601,"무료","24시간",0,123,5200.70880942857,59,3,0.0508474576271186,0.499892612917707,-0.00303843182034437,0.436733745542635,0.84927233756328,0.326837859803831,-0.990532220799056,171.191659032081,"B",2
"210","415-2-000118","남양동43-6 임시 공용주차장","경상남도 창원시 성산구 남양동 43-6",35.204262,128.704976,"무료","24시간",0,1043,2080.42857128571,48,NA,NA,0.140722056317112,0.155162584958926,0.436733745542635,0.84927233756328,0.326837859803831,0.0185011098908271,179.272296940766,"B",2
"211","415-2-000051","반지동 대동그린코아앞 임시 공영주차장","경상남도 창원시 성산구 반지동 512-5",35.245275,128.67058,"무료","24시간",0,1549,5434.20261928571,105,7,0.0666666666666667,-0.0568217498132152,-0.664606320170022,0.436733745542635,0.84927233756328,0.326837859803831,-1.06603923256536,158.253766403611,"C",3
"212","415-2-000050","반지동 72-8 임시 공영주차장","경상남도 창원시 성산구 반송로42번길",35.239011,128.661129,"무료","24시간",1,11,2400.87369057143,18,NA,NA,0.543617724156041,0.586619903447847,0.436733745542635,0.84927233756328,-0.565680911198937,-0.0851241357084686,177.654386638024,"B",2
"213","415-2-000049","반지동 52-10 임시 공영주차장","경상남도 창원시 성산구 충혼로179번길",35.241386,128.664682,"무료","24시간",0,281,1222.96857128571,8,NA,NA,0.438208973849344,0.73043900961082,0.436733745542635,0.84927233756328,0.326837859803831,0.295785729764682,190.772776561346,"B",2
"214","415-2-000052","내동공원 공영 주차장","경상남도 창원시 성산구 내동 380-6",35.221845,128.667328,"무료","24시간",0,27,190.848095228571,19,NA,NA,0.537371279693422,0.572237992831549,0.436733745542635,0.84927233756328,0.326837859803831,0.629551892463266,193.52005107898,"B",2
"215","415-2-000048","반지동 44-6 임시 공영주차장","경상남도 창원시 성산구 반송로81번길",35.242291,128.665558,"무료","24시간",0,224,1013.16595237143,7,NA,NA,0.460461932247425,0.744820920227117,0.436733745542635,0.84927233756328,0.326837859803831,0.363631506167298,191.817583015516,"B",2
"216","415-2-000047","반지동 44-3 임시 공영주차장","경상남도 창원시 성산구 반송로81번길",35.242691,128.665484,"무료","24시간",0,209,1079.15083357143,7,NA,NA,0.46631797393113,0.744820920227117,0.436733745542635,0.84927233756328,0.326837859803831,0.3422933764575,191.662762135255,"B",2
"217","415-2-000046","반지동 42-9 임시 공영주차장","경상남도 창원시 성산구 반지동 42-9",35.242813,128.664058,"무료","24시간",0,146,599.3688095,27,NA,NA,0.490913349002693,0.45718270790117,0.436733745542635,0.84927233756328,0.326837859803831,0.497444842609805,190.583848424234,"B",2
"218","415-2-000045","반림동 럭키아파트뒤 공영주차장","경상남도 창원시 성산구 반송동 266",35.240707,128.66727,"무료","24시간",0,404,628.998690442857,95,NA,NA,0.39018943204296,-0.520787214007049,0.436733745542635,0.84927233756328,0.326837859803831,0.487863159179501,179.701093201252,"B",2
"219","415-2-000044","수자원공사옆 공영주차장","경상남도 창원시 성산구 충혼로224번길",35.24323,128.667001,"무료","24시간",0,234,342.151904771429,30,NA,NA,0.456557904458288,0.414036976052278,0.436733745542635,0.84927233756328,0.326837859803831,0.580623406802644,190.64062230223,"B",2
"220","415-2-000041","반송공원 공영 주차장","경상남도 창원시 성산구 반림동 6-1",35.236845,128.672868,"무료","24시간",0,267,2304.15083357143,231,NA,NA,0.443674612754136,-2.47672705782349,0.436733745542635,0.84927233756328,0.326837859803831,-0.0538459878807467,155.259455099596,"C",3
"221","414-2-000045","가술시장 공영주차장","경상남도 창원시 의창구 가술길1번길 6",35.334395,128.707503,"무료","8시~24시",0,4,2720.73321414286,20,NA,NA,0.546350543608437,0.557856082215252,0.436733745542635,-1.17416175528883,0.326837859803831,-0.188560011908566,165.050564639728,"B",2
"222","414-2-000044","북가술 공영주차장","경상남도 창원시 의창구 가술길34번길 14-6",35.337328,128.708475,"무료","8시~24시",0,0,1244.65952357143,10,NA,NA,0.547912154724091,0.701675188378225,0.436733745542635,-1.17416175528883,0.326837859803831,0.288771329723576,171.277685228835,"B",2
"223","414-2-000078","갈전운동장 공영주차장","경상남도 창원시 의창구 갈전로(갈전운동장)",35.35973,128.686344,"무료","8시~24시",0,0,0,95,NA,NA,0.547912154724091,-0.520787214007049,0.436733745542635,-1.17416175528883,0.326837859803831,0.691268172568582,163.078029633433,"B",2
"224","414-2-000018","소계동 소계천복개 공영주차장","경상남도 창원시 의창구 금강로341번길",35.257905,128.597829,"무료","8시~24시",1,126,1442.70202371429,130,NA,NA,0.498721404580966,-1.02415408557746,0.436733745542635,-1.17416175528883,-0.565680911198937,0.224728529626802,143.961869276852,"C",3
"225","414-2-000019","소계동 467-2번지 공영주차장","경상남도 창원시 의창구 금강로379번길",35.261013,128.60058,"무료","8시~24시",0,0,449.225238071429,8,NA,NA,0.547912154724091,0.73043900961082,0.436733745542635,-1.17416175528883,0.326837859803831,0.545998131544653,174.137591459372,"B",2
"226","414-2-000047","갈전운동장 부설주차장","경상남도 창원시 의창구 대산면 676-1번지",35.353354,128.716141,"무료","8시~24시",0,0,41.7361904728571,18,NA,NA,0.547912154724091,0.586619903447847,0.436733745542635,-1.17416175528883,0.326837859803831,0.677771561985874,174.017134702154,"B",2
"227","414-2-000088","일동이주마을 공영주차장","경상남도 창원시 의창구 대산면 대산북로524번길",35.363648,128.695382,"무료","8시~24시",0,0,0.339166667,0,NA,NA,0.547912154724091,0.845494294541199,0.436733745542635,-1.17416175528883,0.326837859803831,0.691158493166239,176.739747924892,"B",2
"228","414-2-000089","모산이주마을 공영주차장","경상남도 창원시 의창구 대산면 모산리 895번지",35.362062,128.706986,"무료","8시~24시",0,0,36.3764285714286,14,NA,NA,0.547912154724091,0.644147545913036,0.436733745542635,-1.17416175528883,0.326837859803831,0.679504796820679,174.609743475154,"B",2
"229","414-2-000046","대산면 갈전리 585번지 공영주차장","경상남도 창원시 의창구 대산북로385번길",35.363987,128.680887,"무료","8시~24시",0,0,120.363928571429,13,NA,NA,0.547912154724091,0.658529456529333,0.436733745542635,-1.17416175528883,0.326837859803831,0.65234499693304,174.481964582441,"B",2
"230","414-2-000054","대산면 일동리 667번지 공영주차장","경상남도 창원시 의창구 대산북로538번길",35.366801,128.69656,"무료","8시~24시",0,0,475.6013095,60,NA,NA,0.547912154724091,-0.0174203424366417,0.436733745542635,-1.17416175528883,0.326837859803831,0.537468662018567,166.573703243637,"B",2
"231","414-2-000049","대산면 북부리 380-1번지 공영주차장","경상남도 창원시 의창구 대산북로893번길",35.349084,128.722979,"무료","8시~24시",0,0,4.61369047642857,10,NA,NA,0.547912154724091,0.701675188378225,0.436733745542635,-1.17416175528883,0.326837859803831,0.689776201619532,175.287733947795,"B",2
"232","414-2-000038","대원 레포츠공원 주차장","경상남도 창원시 의창구 대원동 618-1번지",35.238641,128.656076,"무료","8시~24시",0,864,2361.87023785714,212,NA,NA,0.210604153742663,-2.20347075611384,0.436733745542635,-1.17416175528883,0.326837859803831,-0.0725112353286859,135.240320123578,"C",3
"233","414-2-000037","대원동 98-2번지 공영주차장","경상남도 창원시 의창구 대원로43번길",35.232713,128.652868,"무료","8시~24시",0,571,332.228571414286,37,NA,NA,0.324992167964374,0.313363601738197,0.436733745542635,-1.17416175528883,0.326837859803831,0.583832405144044,168.115980249043,"B",2
"234","414-2-000036","대원동 32-8번지 공영주차장","경상남도 창원시 의창구 대원로53번길",35.233379,128.65284,"무료","8시~24시",0,644,624.096547585714,17,NA,NA,0.296492765103675,0.601001814064144,0.436733745542635,-1.17416175528883,0.326837859803831,0.48944840959201,169.763528388175,"B",2
"235","414-2-000012","도계체육공원  공영주차장","경상남도 창원시 의창구 도계동 378번지",35.257911,128.642977,"무료","8시~24시",0,77,10.4108333308571,77,NA,NA,0.517851140747737,-0.261912822913696,0.436733745542635,-1.17416175528883,0.326837859803831,0.687901526937629,165.332496948293,"B",2
"236","414-2-000082","도계동 465-6 공영주차장","경상남도 창원시 의창구 도계동 원이대로56번길",35.257165,128.63326,"무료","8시~24시",1,1002,5168.61892857143,16,0,0,0.156728570252574,0.615383724680441,0.436733745542635,-1.17416175528883,-0.565680911198937,-0.980155024877065,144.888483491108,"C",3
"237","414-2-000081","도계동 465-11 공영주차장","경상남도 창원시 의창구 도계동 원이대로56번길",35.257165,128.63326,"무료","8시~24시",1,1002,5168.61892857143,5,0,0,0.156728570252574,0.773584741459712,0.436733745542635,-1.17416175528883,-0.565680911198937,-0.980155024877065,146.470493658901,"C",3
"238","414-2-000074","도계동 313-3 공영주차장","경상남도 창원시 의창구 도계동 하남천서길15번길",35.261417,128.638235,"무료","8시~24시",0,1380,1639.82035714286,13,NA,NA,0.00915631982319852,0.658529456529333,0.436733745542635,-1.17416175528883,0.326837859803831,0.160984585705326,164.180802121155,"B",2
"239","414-2-000073","도계동 313-1 공영주차장","경상남도 창원시 의창구 도계동 하남천서길51번길",35.262613,128.638467,"무료","8시~24시",0,722,1055.49047642857,8,NA,NA,0.266041348348407,0.73043900961082,0.436733745542635,-1.17416175528883,0.326837859803831,0.349944640815531,169.358348488324,"B",2
"240","414-2-000070","동읍 남산리 456번지 공영주차장","경상남도 창원시 의창구 동읍 남산리 456번지",35.2711,128.661075,"무료","8시~24시",0,0,18604.71905,75,NA,NA,0.547912154724091,-0.233149001681102,0.436733745542635,-1.17416175528883,0.326837859803831,-5.3251086259283,105.790643771723,"D",4
"241","414-2-000069","동읍 덕산리 317-2번지 공영주차장","경상남도 창원시 의창구 동읍 덕산리 317-2번지",35.27302,128.674126,"무료","8시~24시",0,0,549.757261871429,9,NA,NA,0.547912154724091,0.716057098994523,0.436733745542635,-1.17416175528883,0.326837859803831,0.513488178888514,173.668672826648,"B",2
"242","414-2-000068","석산마을 공영주차장","경상남도 창원시 의창구 동읍 석산길16번길",35.31438,128.659398,"무료","8시~24시",0,0,9.98642857142857,10,NA,NA,0.547912154724091,0.701675188378225,0.436733745542635,-1.17416175528883,0.326837859803831,0.68803877055528,175.270359637152,"B",2
"243","414-2-000067","동읍 신방리 653-2번지 공영주차장","경상남도 창원시 의창구 동읍 신방리 653-2번지",35.287615,128.677172,"무료","8시~24시",0,0,13.7646428585714,35,NA,NA,0.547912154724091,0.342127422970792,0.436733745542635,-1.17416175528883,0.326837859803831,0.686816975121776,171.662664028743,"B",2
"244","414-2-000084","동읍 용잠리 1153-1 공영주차장","경상남도 창원시 의창구 동읍 용잠로35번길 15",35.280989,128.688384,"무료","8시~24시",0,0,946.384880985714,112,NA,NA,0.547912154724091,-0.765279694484103,0.436733745542635,-1.17416175528883,0.326837859803831,0.385227107121228,157.572694174189,"C",3
"245","414-2-000086","자여마을 공영주차장","경상남도 창원시 의창구 동읍 자여로 85",35.275889,128.702268,"무료","8시~24시",0,0,1516.689762,24,NA,NA,0.547912154724091,0.500328439750062,0.436733745542635,-1.17416175528883,0.326837859803831,0.200802443411841,168.384528879436,"B",2
"246","414-2-000090","봉산마을 공영주차장","경상남도 창원시 의창구 동읍 자여로78번길",35.275968,128.699833,"무료","8시~24시",0,34,87.2270238085714,8,NA,NA,0.534638460241026,0.73043900961082,0.436733745542635,-1.17416175528883,0.326837859803831,0.663060778474994,175.175480983845,"B",2
"247","414-2-000072","동정동 920-12번지 공영주차장","경상남도 창원시 의창구 동정동 동정길(동정동경로당앞)",35.264614,128.61392,"무료","8시~24시",0,5,446.084880928571,56,NA,NA,0.545960140829523,0.0401073000285476,0.436733745542635,-1.17416175528883,0.326837859803831,0.547013657326176,167.224909482419,"B",2
"248","414-2-000042","삼동공원 부설주차장","경상남도 창원시 의창구 두대로(삼동공원)",35.222623,128.666232,"무료","8시~24시",0,28,416.803809514286,101,NA,NA,0.536980876914508,-0.607078677704833,0.436733745542635,-1.17416175528883,0.326837859803831,0.556482543054501,160.757945923218,"B",2
"249","414-2-000041","충혼탑 부설주차장","경상남도 창원시 의창구 두대로(충혼탑 앞)",35.222623,128.666232,"무료","8시~24시",0,28,416.803809514286,135,NA,NA,0.536980876914508,-1.09606363865894,0.436733745542635,-1.17416175528883,0.326837859803831,0.556482543054501,155.868096313677,"C",3
"250","414-2-000091","도계동 913-6 공영주차장","경상남도 창원시 의창구 명곡동 원이대로114번길",35.252049,128.636263,"무료","8시~24시",0,379,1016.9123812,8,NA,NA,0.399949501515803,0.73043900961082,0.436733745542635,-1.17416175528883,0.326837859803831,0.36241998948592,170.822183506702,"B",2
"251","414-2-000075","명서동 109-17 공영주차장","경상남도 창원시 의창구 명곡동 원이대로206번길",35.242871,128.641562,"무료","8시~24시",0,21,399.318452357143,14,NA,NA,0.539713696366904,0.644147545913036,0.436733745542635,-1.17416175528883,0.326837859803831,0.562136941641813,173.354080339794,"B",2
"252","414-2-000010","명서동 210번지 공영주차장","경상남도 창원시 의창구 명서동 210번지",35.239264,128.647522,"무료","8시~24시",0,187,5775.08857157143,70,NA,NA,0.474906835067231,-0.161239448599615,0.436733745542635,-1.17416175528883,0.326837859803831,-1.1762746157901,147.268026207352,"C",3
"253","414-2-000015","명서2주구운동장 주차장","경상남도 창원시 의창구 명서동 300번지",35.242511,128.638637,"무료","8시~24시",0,15,42.3853571428571,72,NA,NA,0.542056113040386,-0.19000326983221,0.436733745542635,-1.17416175528883,0.326837859803831,0.677561635069953,166.190243283358,"B",2
"254","414-2-000048","남모산 공영주차장","경상남도 창원시 의창구 모산길57번길",35.35673,128.711654,"무료","8시~24시",0,0,260.521190442857,30,NA,NA,0.547912154724091,0.414036976052278,0.436733745542635,-1.17416175528883,0.326837859803831,0.607021071524764,171.583800523588,"B",2
"255","414-2-000058","북면 월백리 451-1,4번지  공영주차장","경상남도 창원시 의창구 백월로277번길 10,8",35.320386,128.636356,"무료","8시~24시",0,0,51.0917857142857,17,NA,NA,0.547912154724091,0.601001814064144,0.436733745542635,-1.17416175528883,0.326837859803831,0.67474615827,174.130699771159,"B",2
"256","414-2-000146","봉곡주차장 공영주차장","경상남도 창원시 의창구 봉곡로111번길",35.247327,128.6723,"기본 30분 500원 / 추가 10분당 200원","8시~24시",0,1305,2784.65892857143,98,NA,NA,0.0384365282417253,-0.563932945855941,-2.28327466967904,-1.17416175528883,0.326837859803831,-0.209232250176814,121.346727670449,"D",4
"257","414-2-000064","달천계곡 주차장","경상남도 창원시 의창구 북면 달천길 145",35.283445,128.597866,"무료","8시~24시",0,0,85.6541666785714,111,NA,NA,0.547912154724091,-0.750897783867806,0.436733745542635,-1.17416175528883,0.326837859803831,0.663569407555544,160.499936284695,"B",2
"258","414-2-000059","북면 신촌리 343-9번지 공영주차장","경상남도 창원시 의창구 북면 신촌리 343-9번지",35.358978,128.618382,"무료","8시~24시",0,0,307.707857128571,11,NA,NA,0.547912154724091,0.687293277761928,0.436733745542635,-1.17416175528883,0.326837859803831,0.59176189099732,174.16377173541,"B",2
"259","414-2-000065","북면 마산리 384 공영주차장","경상남도 창원시 의창구 북면 신촌본포로",35.349076,128.621978,"무료","8시~24시",0,0,4.50023809514286,40,NA,NA,0.547912154724091,0.270217869889305,0.436733745542635,-1.17416175528883,0.326837859803831,0.689812889745413,170.973527644164,"B",2
"260","414-2-000087","신음마을 공영주차장","경상남도 창원시 의창구 북면 운무로 737",35.328922,128.584726,"무료","8시~24시",0,0,402.096309557143,12,NA,NA,0.547912154724091,0.67291136714563,0.436733745542635,-1.17416175528883,0.326837859803831,0.561238640755748,173.714720126831,"B",2
"261","414-2-000063","북면 월백리 996-13 공영주차장","경상남도 창원시 의창구 북면 월백리 996-13번지",35.320412,128.624445,"무료","8시~24시",0,0,345.150119057143,32,NA,NA,0.547912154724091,0.385273154819684,0.436733745542635,-1.17416175528883,0.326837859803831,0.579653847046486,171.022490066479,"B",2
"262","414-2-000062","북면 마산리 148-125,83,65번지 공영주차장","경상남도 창원시 의창구 북면 월백리 996-13번지",35.320412,128.624445,"무료","8시~24시",0,0,345.150119057143,150,NA,NA,0.547912154724091,-1.3117922979034,0.436733745542635,-1.17416175528883,0.326837859803831,0.579653847046486,154.051835539248,"C",3
"263","414-2-000066","북면 하천리 366번지 공영주차장","경상남도 창원시 의창구 북면 하천로132번길",35.367514,128.605094,"무료","8시~24시",0,0,87.1133333342857,31,NA,NA,0.547912154724091,0.399655065435981,0.436733745542635,-1.17416175528883,0.326837859803831,0.66309754359517,172.000746138129,"B",2
"264","414-2-000076","사림동 110-16 공영주차장","경상남도 창원시 의창구 사림동 사림로57번길",35.248853,128.680273,"무료","8시~24시",0,37,391.138095228571,10,NA,NA,0.533467251904285,0.701675188378225,0.436733745542635,-1.17416175528883,0.326837859803831,0.56478229794628,173.893345882864,"B",2
"265","414-2-000006","창원의집 공영주차장","경상남도 창원시 의창구 사림로12번길",35.244653,128.67807,"무료","8시~24시",0,21,800.800952357143,100,NA,NA,0.539713696366904,-0.592696767088535,0.436733745542635,-1.17416175528883,0.326837859803831,0.432305902994524,159.687326823305,"C",3
"266","414-2-000004","사림동 113-1번지 공영주차장","경상남도 창원시 의창구 사림로57번길 10",35.247127,128.679802,"무료","8시~24시",0,401,686.652261928572,9,NA,NA,0.391360640379701,0.716057098994523,0.436733745542635,-1.17416175528883,0.326837859803831,0.469219200681395,171.660467901133,"B",2
"267","414-2-000151","창원공고 뒤 공영주차장","경상남도 창원시 의창구 사화로(창원공고 뒤)",35.249004,128.623316,"기본 30분 500원 / 추가 10분당 200원","8시~24시",0,2818,256.020714285714,61,NA,NA,-0.552242876254688,-0.031802253052939,-2.28327466967904,-1.17416175528883,0.326837859803831,0.608476431332201,128.938327368605,"C",3
"268","414-2-000153","사상지구 2공영주차장","경상남도 창원시 의창구 사화로10번길",35.2558,128.607679,"기본 30분 500원 / 추가 10분당 200원","8시~24시",0,3034,9181.134405,11,NA,NA,-0.636569876500045,0.687293277761928,-2.28327466967904,-1.17416175528883,0.326837859803831,-2.27771855975853,106.424062763393,"D",4
"269","414-2-000138","팔용주차장","경상남도 창원시 의창구 사화로17번길",35.257854,128.610489,"기본 30분 500원 / 추가 10분당 200원","8시~24시",5,5752,1611.425,76,NA,NA,-1.69768462958746,-0.247530912297399,-2.28327466967904,-1.17416175528883,-4.13575599521001,0.170167049973676,66.3175908791094,"F",5
"270","414-2-000026","신월동 2-7번지 공영주차장","경상남도 창원시 의창구 상남로258번길",35.233403,128.692571,"무료","8시~24시",0,177,3741.67083357143,15,NA,NA,0.478810862856368,0.629765635296739,0.436733745542635,-1.17416175528883,0.326837859803831,-0.518709872797903,161.792764754128,"B",2
"271","414-2-000093","태복교 공영주차장","경상남도 창원시 의창구 서곡동 18-7번지",35.253187,128.651534,"무료","8시~24시",0,0,53.8101190485714,60,NA,NA,0.547912154724091,-0.0174203424366417,0.436733745542635,-1.17416175528883,0.326837859803831,0.673867106156446,167.937687685015,"B",2
"272","414-2-000016","소계동 909-2번지 공영주차장","경상남도 창원시 의창구 소계동 909-2번지",35.257868,128.602249,"무료","8시~24시",0,207,1206.30500014286,13,NA,NA,0.467098779488957,0.658529456529333,0.436733745542635,-1.17416175528883,0.326837859803831,0.301174379952549,170.162124660285,"B",2
"273","414-2-000150","창원육교하부 공영주차장","경상남도 창원시 의창구 소계로 23",35.254399,128.603762,"기본 30분 500원 / 추가 10분당 200원","8시~24시",0,1505,776.0136905,115,NA,NA,-0.0396440275410128,-0.808425426332995,-2.28327466967904,-1.17416175528883,0.326837859803831,0.440321584754339,124.616535657163,"D",4
"274","414-2-000079","소답동 930-3 공영주차장","경상남도 창원시 의창구 소답동 천주로56번길",35.268028,128.620304,"무료","8시~24시",0,0,337.641666657143,30,NA,NA,0.547912154724091,0.414036976052278,0.436733745542635,-1.17416175528883,0.326837859803831,0.582081923422732,171.334409042567,"B",2
"275","414-2-000080","신월동 81-15 공영주차장","경상남도 창원시 의창구 신월동 81-15번지",35.22472,128.695389,"무료","8시~24시",0,638,2888.15035728571,20,NA,NA,0.298835181777157,0.557856082215252,0.436733745542635,-1.17416175528883,0.326837859803831,-0.242699212450556,162.034019015995,"B",2
"276","414-2-000077","신월동 35-21 공영주차장","경상남도 창원시 의창구 신월로(자연한의원 옆)",35.228454,128.692331,"무료","8시~24시",0,3037,3908.60309557143,13,NA,NA,-0.637741084836787,0.658529456529333,0.436733745542635,-1.17416175528883,0.326837859803831,-0.572692272925435,150.375059488247,"C",3
"277","414-2-000029","신월동 12-157번지 공영주차장","경상남도 창원시 의창구 신월로37번길",35.230354,128.693263,"무료","8시~24시",0,111,621.791309514286,17,NA,NA,0.504577446264672,0.601001814064144,0.436733745542635,-1.17416175528883,0.326837859803831,0.49019387534243,171.851829857289,"B",2
"278","414-2-000083","용동 128-1번지 공영주차장","경상남도 창원시 의창구 용동 상남로382번길",35.242022,128.704677,"무료","8시~24시",0,195,8.32607142857143,178,NA,NA,0.471783612835922,-1.71448579515973,0.436733745542635,-1.17416175528883,0.326837859803831,0.688575695308868,150.352833630427,"C",3
"279","414-2-000071","동읍 용잠리 산26-2 공영주차장","경상남도 창원시 의창구 용잠리 산26-2번지",35.277387,128.68111,"무료","8시~24시",0,18,295.527380942857,52,NA,NA,0.540884904703645,0.097634942493737,0.436733745542635,-1.17416175528883,0.326837859803831,0.595700802094091,168.236304993491,"B",2
"280","414-2-000032","용호동 73-41 공영주차장","경상남도 창원시 의창구 용지로153번길 앞",35.229792,128.681541,"무료","8시~24시",3,10337,9295.47369014286,23,NA,NA,-3.48768137090673,0.51471035036636,0.436733745542635,-1.17416175528883,-2.35071845320447,-2.31469349178741,76.2418902472155,"F",5
"281","414-2-000033","용남초등학교 앞 공영주차장","경상남도 창원시 의창구 용지로211번길 39",35.234328,128.681222,"무료","8시~24시",0,320,279.801309557143,36,NA,NA,0.42298326547171,0.327745512354494,0.436733745542635,-1.17416175528883,0.326837859803831,0.600786284479622,169.409249123635,"B",2
"282","414-2-000035","용지동주민센터 주차장","경상남도 창원시 의창구 용지로239번길",35.235949,128.68471,"무료","8시~24시",0,3735,1222.77357128571,54,NA,NA,-0.910242224518543,0.0688711212611423,0.436733745542635,-1.17416175528883,0.326837859803831,0.295848788683904,150.438875354841,"C",3
"283","414-2-000013","명서동 111번지 운동장 부설주차장","경상남도 창원시 의창구 우곡로101번길 28",35.243378,128.641731,"무료","8시~24시",0,26,441.034642857143,50,NA,NA,0.537761682472335,0.126398763726332,0.436733745542635,-1.17416175528883,0.326837859803831,0.548646798631786,168.022170948881,"B",2
"284","414-2-000057","월림마을회관 공영주차장","경상남도 창원시 의창구 우암로79번길 3",35.330718,128.731593,"무료","8시~24시",0,0,180.658333342857,11,NA,NA,0.547912154724091,0.687293277761928,0.436733745542635,-1.17416175528883,0.326837859803831,0.632847048215238,174.574623307589,"B",2
"285","414-2-000009","도계동 888-1번지 공영주차장","경상남도 창원시 의창구 원이대로113번길 6",35.253219,128.638765,"무료","8시~24시",0,1660,2474.65380928571,25,0,0,-0.100156458272635,0.485946529133765,0.436733745542635,-1.17416175528883,0.326837859803831,-0.1089830820989,158.662168388199,"C",3
"286","414-2-000014","명서동 114-2번지 공영주차장","경상남도 창원시 의창구 원이대로210번길 67-5",35.242377,128.643492,"무료","8시~24시",0,44,711.399523842857,64,6,0.09375,0.530734432451889,-0.0749479849018311,0.436733745542635,-1.17416175528883,0.326837859803831,0.461216454066018,165.064127516737,"B",2
"287","414-2-000134","용호기계식 주차장","경상남도 창원시 의창구 원이대로579번길 16",35.22973,128.679788,"기본 30분 500원 / 추가 10분당 200원","8시~24시",4,5447,4269.67190442857,71,11,0.154929577464789,-1.57861178201878,-0.175621359215912,-2.28327466967904,-1.17416175528883,-3.24323722420724,-0.689454369597301,68.5563883999289,"F",5
"288","414-2-000050","대산면 유등리 454번지 공영주차장","경상남도 창원시 의창구 유등남길40번길",35.332245,128.735747,"무료","8시~24시",0,0,194.612619057143,36,NA,NA,0.547912154724091,0.327745512354494,0.436733745542635,-1.17416175528883,0.326837859803831,0.628334524237564,170.934020413738,"B",2
"289","414-2-000052","대산면 유등리 88-4번지 공영주차장","경상남도 창원시 의창구 유등로 407-3번지",35.34555,128.747063,"무료","8시~24시",0,0,8.66154761928571,5,NA,NA,0.547912154724091,0.773584741459712,0.436733745542635,-1.17416175528883,0.326837859803831,0.688467209329325,175.993739555708,"B",2
"290","414-2-000053","대산면 유등리 117-15번지 공영주차장","경상남도 창원시 의창구 유등로332번길",35.342233,128.747854,"무료","8시~24시",0,0,0.395952380857143,12,NA,NA,0.547912154724091,0.67291136714563,0.436733745542635,-1.17416175528883,0.326837859803831,0.691140129854736,175.013735017821,"B",2
"291","414-2-000056","대산미술관 주차장","경상남도 창원시 의창구 유등로369번길",35.34517,128.743521,"무료","8시~24시",0,0,357.878571414286,35,NA,NA,0.547912154724091,0.342127422970792,0.436733745542635,-1.17416175528883,0.326837859803831,0.57553773192341,170.549871596759,"B",2
"292","414-2-000051","대산면 유등리 902번지 공영주차장","경상남도 창원시 의창구 유등리 454번지",35.332712,128.736771,"무료","8시~24시",0,0,64.3534523842857,15,NA,NA,0.547912154724091,0.629765635296739,0.436733745542635,-1.17416175528883,0.326837859803831,0.670457612796759,174.375452528752,"B",2
"293","414-2-000025","북동 66-1번지 공영주차장","경상남도 창원시 의창구 읍성로41번길",35.266021,128.622641,"무료","8시~24시",0,367,633.800119057143,15,NA,NA,0.404634334862767,0.629765635296739,0.436733745542635,-1.17416175528883,0.326837859803831,0.486310477645479,171.101202978626,"B",2
"294","414-2-000022","소답동 365번지 일대 공영주차장","경상남도 창원시 의창구 의안로49번길",35.266095,128.621561,"무료","8시~24시",1,7146,1389.63738085714,64,3,0.046875,-2.24190610339314,-0.0749479849018311,0.436733745542635,-1.17416175528883,-0.565680911198937,0.241888524639263,126.219255153992,"C",3
"295","414-2-000021","소답동 509번지 공영주차장","경상남도 창원시 의창구 의안로70번길",35.267891,128.625468,"무료","8시~24시",0,298,679.613809557143,10,NA,NA,0.431572126607812,0.701675188378225,0.436733745542635,-1.17416175528883,0.326837859803831,0.471495288884123,171.941524539278,"B",2
"296","414-2-000023","동정동 537-3번지 공영주차장","경상남도 창원시 의창구 의창대로139번길 13",35.263212,128.613257,"무료","8시~24시",0,31,893.6008333,5,NA,NA,0.535809668577767,0.773584741459712,0.436733745542635,-1.17416175528883,0.326837859803831,0.402296363527284,173.011006236224,"B",2
"297","414-2-000020","소답동 155-8번지 공영주차장","경상남도 창원시 의창구 의창대로299번길",35.262686,128.63087,"무료","8시~24시",0,61,1386.82071428571,10,NA,NA,0.524097585210356,0.701675188378225,0.436733745542635,-1.17416175528883,0.326837859803831,0.242799375663883,170.579819993101,"B",2
"298","414-2-000152","사상지구 1공영주차장","경상남도 창원시 의창구 의창대로70번길",35.256892,128.608725,"기본 30분 500원 / 추가 10분당 200원","8시~24시",5,6908,12478.0545214286,13,NA,NA,-2.14899024201168,0.658529456529333,-2.28327466967904,-1.17416175528883,-4.13575599521001,-3.34387353053077,35.72473263809,"F",5
"299","414-2-000055","대산면 제동리 464-8번지 공영주차장","경상남도 창원시 의창구 주남로394번길 51",35.316465,128.700012,"무료","8시~24시",0,0,12.5852380928571,15,NA,NA,0.547912154724091,0.629765635296739,0.436733745542635,-1.17416175528883,0.326837859803831,0.687198369941521,174.5428601002,"B",2
"300","414-2-000085","중동 666-5 공영주차장","경상남도 창원시 의창구 중동 666-5번지",35.265009,128.621437,"무료","8시~24시",1,7309,3403.916667,74,NA,NA,-2.30554175635607,-0.218767091064804,0.436733745542635,-1.17416175528883,-0.565680911198937,-0.409487243534067,117.630949880999,"D",4
"301","414-2-000034","신월동 98(용지공원 내) 공영주차장","경상남도 창원시 의창구 중앙대로186번길",35.229118,128.686944,"무료","8시~24시",0,282,1087.46428585714,41,NA,NA,0.437818571070431,0.255835959273008,0.436733745542635,-1.17416175528883,0.326837859803831,0.339604979964505,166.226693603656,"B",2
"302","414-2-000001","봉곡동 8번지 공영주차장","경상남도 창원시 의창구 지귀로73번길",35.247965,128.655089,"무료","8시~24시",0,77,1247.36214285714,24,NA,NA,0.517851140747737,0.500328439750062,0.436733745542635,-1.17416175528883,0.326837859803831,0.287897359204482,168.954867897599,"B",2
"303","414-2-000147","임시화물주차장 공영주차장","경상남도 창원시 의창구 차룡로48번길 21",35.243123,128.630214,"기본 30분 500원 / 추가 10분당 200원","8시~24시",0,1,153.868452357143,375,NA,NA,0.547521751945178,-4.5477221865703,-2.28327466967904,-1.17416175528883,0.326837859803831,0.641510335092281,95.1071133530312,"D",4
"304","414-2-000043","팔용동 58-3번지 공영주차장","경상남도 창원시 의창구 차용단지로",35.236542,128.63032,"무료","8시~24시",0,3,19.5508333334286,78,NA,NA,0.54674094638735,-0.276294733529994,0.436733745542635,-1.17416175528883,0.326837859803831,0.684945842210225,165.448019051252,"B",2
"305","414-2-000145","종합버스터미널부설 공영주차장","경상남도 창원시 의창구 창원대로 371",35.236645,128.639931,"기본 30분 500원 / 추가 10분당 200원","8시~24시",0,8326,1732.38500014286,134,NA,NA,-2.7025813825113,-1.08168172804264,-2.28327466967904,-1.17416175528883,0.326837859803831,0.131051117265965,92.1618944154799,"D",4
"306","414-2-000039","팔용동 214-2번지 공영주차장","경상남도 창원시 의창구 창원대로18번길",35.252733,128.60519,"무료","8시~24시",1,3082,487.3675,14,1,0.0714285714285714,-0.655309209887903,0.644147545913036,0.436733745542635,-1.17416175528883,-0.565680911198937,0.533663722242769,152.193931373228,"C",3
"307","414-2-000040","팔용동 208-2번지 공영주차장","경상남도 창원시 의창구 창원대로18번길(소계4교)",35.252733,128.60519,"무료","8시~24시",1,3082,487.3675,49,5,0.102040816326531,-0.655309209887903,0.140780674342629,0.436733745542635,-1.17416175528883,-0.565680911198937,0.533663722242769,147.160262657524,"C",3
"308","414-2-000148","구.버스터미널 공영주차장","경상남도 창원시 의창구 창원대로363번길",35.237193,128.641054,"기본 30분 500원 / 추가 10분당 200원","8시~24시",0,9176,1513.048095,300,NA,NA,-3.03442374458793,-3.469078890348,-2.28327466967904,-1.17416175528883,0.326837859803831,0.201980082310219,65.6787888221024,"F",5
"309","414-2-000143","팔용파출소옆 공영주차장","경상남도 창원시 의창구 창원대로397번길",35.236571,128.642985,"기본 30분 500원 / 추가 10분당 200원","8시~24시",1,11324,2246.55690485714,34,0,0,-3.87300891369454,0.356509333587089,-2.28327466967904,-1.17416175528883,-0.565680911198937,-0.035221316606772,84.2516176711897,"F",5
"310","414-2-000144","홈플러스앞  공영주차장","경상남도 창원시 의창구 창원대로397번길(홈플러스)",35.235554,128.642753,"기본 30분 500원 / 추가 10분당 200원","8시~24시",0,11201,5253.64428585714,79,1,0.0126582278481013,-3.82498937188816,-0.290676644146291,-2.28327466967904,-1.17416175528883,0.326837859803831,-1.00765044609159,77.4608497270992,"F",5
"311","414-2-000003","퇴촌동 1006번지 공영주차장","경상남도 창원시 의창구 창원천로 342",35.243629,128.67518,"무료","8시~24시",0,33,1208.81297628571,67,NA,NA,0.53502886301994,-0.118093716750723,0.436733745542635,-1.17416175528883,0.326837859803831,0.300363352952544,163.067083492794,"B",2
"312","414-2-000005","사림민원센터 앞 공영주차장","경상남도 창원시 의창구 창이대로 413번길",35.243603,128.683161,"무료","8시~24시",0,270,862.3104762,13,NA,NA,0.442503404417395,0.658529456529333,0.436733745542635,-1.17416175528883,0.326837859803831,0.412415010197905,171.028577212023,"B",2
"313","414-2-000149","명서상업지역 공영주차장","경상남도 창원시 의창구 창이대로113번길",35.243065,128.648172,"기본 30분 500원 / 추가 10분당 200원","8시~24시",0,1375,7808.40857128571,34,NA,NA,0.011108333717767,0.356509333587089,-2.28327466967904,-1.17416175528883,0.326837859803831,-1.83380775226607,114.032113498748,"D",4
"314","414-2-000031","신월동 101-2,3번지 공영주차장","경상남도 창원시 의창구 창이대로532번길",35.23307,128.689055,"무료","8시~24시",0,339,1475.57773842857,143,NA,NA,0.41556561267235,-1.21111892358932,0.436733745542635,-1.17416175528883,0.326837859803831,0.214097211480612,150.079537506213,"C",3
"315","414-2-000030","신월동 12-104번지 공영주차장","경상남도 창원시 의창구 창이대로570번길",35.231676,128.69314,"무료","8시~24시",0,8,1236.57690485714,20,NA,NA,0.544788932492782,0.557856082215252,0.436733745542635,-1.17416175528883,0.326837859803831,0.291385079470243,169.834399442359,"B",2
"316","414-2-000028","신월동 12-69번지 공영주차장","경상남도 창원시 의창구 창이대로576번길",35.231558,128.694015,"무료","8시~24시",0,70,3269.72642842857,28,NA,NA,0.520583960200133,0.442800797284873,0.436733745542635,-1.17416175528883,0.326837859803831,-0.366092928588692,161.867016789539,"B",2
"317","414-2-000027","신월동 13-60번지 공영주차장","경상남도 창원시 의창구 창이대로586번길",35.230536,128.694226,"무료","8시~24시",0,62,3385.85892857143,28,NA,NA,0.523707182431443,0.442800797284873,0.436733745542635,-1.17416175528883,0.326837859803831,-0.403647748821838,161.522700809521,"B",2
"318","414-2-000060","북면 신촌리 1462-1번지 공영주차장","경상남도 창원시 의창구 천주로1170번길 24",35.353172,128.61156,"무료","8시~24시",0,0,467.770833357143,183,NA,NA,0.547912154724091,-1.78639534824121,0.436733745542635,-1.17416175528883,0.326837859803831,0.540000874134238,148.909275306748,"C",3
"319","414-2-000061","북면 신촌리 407-1번지 공영주차장","경상남도 창원시 의창구 천주로1173번길 30",35.356468,128.608449,"무료","8시~24시",0,0,62.7702381071429,70,NA,NA,0.547912154724091,-0.161239448599615,0.436733745542635,-1.17416175528883,0.326837859803831,0.67096959116195,166.470521473441,"B",2
"320","414-2-000017","중동 739-17번지외 공영주차장","경상남도 창원시 의창구 천주로12번길 35",35.262788,128.622222,"무료","8시~24시",0,551,2218.50321428571,47,NA,NA,0.332800223542648,0.169544495575224,0.436733745542635,-1.17416175528883,0.326837859803831,-0.0261493401575418,160.65605229018,"B",2
"321","414-2-000024","동정동 231-4번지 공영주차장","경상남도 창원시 의창구 천주로56번길",35.268028,128.620304,"무료","8시~24시",0,0,337.641666657143,33,NA,NA,0.547912154724091,0.370891244203386,0.436733745542635,-1.17416175528883,0.326837859803831,0.582081923422732,170.902951724078,"B",2
"322","414-2-000092","사상지구 2공영주차장","경상남도 창원시 의창구 팔용동 사화로10번길",35.2558,128.607679,"무료","8시~24시",0,3034,9181.134405,11,NA,NA,-0.636569876500045,0.687293277761928,0.436733745542635,-1.17416175528883,0.326837859803831,-2.27771855975853,133.62414691561,"C",3
"323","414-2-000137","도계초등 공영주차장","경상남도 창원시 의창구 하남천동길 10",35.258941,128.639194,"기본 30분 500원 / 추가 10분당 200원","8시~24시",4,9435,2000.655833,39,NA,NA,-3.13553806432658,0.284599780505602,-2.28327466967904,-1.17416175528883,-3.24323722420724,0.0442979440426828,64.926860110466,"F",5
"324","414-2-000007","봉곡동 158-6번지 공영주차장","경상남도 창원시 의창구사림로29번길",35.247401,128.673759,"무료","8시~24시",0,63,387.915357142857,13,NA,NA,0.523316779652529,0.658529456529333,0.436733745542635,-1.17416175528883,0.326837859803831,0.565824464000732,173.370805502402,"B",2
"325","414-2-000002","사림동 36-3번지 공영주차장","경상남도 창원시 의창구창이대로 417번길",35.242414,128.683408,"무료","8시~24시",0,183,1570.80630985714,12,NA,NA,0.476468446182886,0.67291136714563,0.436733745542635,-1.17416175528883,0.326837859803831,0.183302284335671,169.220919477218,"B",2
"326","414-2-000008","용동근린공원부지 공영주차장","경상남도 창원시 의창구퇴촌로45번길",35.242828,128.689363,"무료","8시~24시",0,945,2104.34202414286,72,NA,NA,0.178981528650654,-0.19000326983221,0.436733745542635,-1.17416175528883,0.326837859803831,0.0107679996753479,155.891561085514,"C",3
"327","414-4-000164","팔용 주차장","경상남도 창원시 의창구 남산로17번길 17",35.260752,128.613239,"기본 30분 500원","8시~24시",0,1308,2029.17083342857,13,NA,NA,0.0372653199049842,0.658529456529333,-2.28327466967904,-1.17416175528883,0.326837859803831,0.0350767896395161,136.002730009098,"C",3
"328","414-4-000160","서원유통 주차장","경상남도 창원시 의창구 남산로17번길 25,25-1,27,29",35.260555,128.616392,"기본 30분 500원","8시~24시",0,152,2491.42749985714,55,NA,NA,0.48857093232921,0.054489210644845,-2.28327466967904,-1.17416175528883,0.326837859803831,-0.114407342605488,132.980542352045,"C",3
"329","414-4-000155","세준 주차장","경상남도 창원시 의창구 도계두리길 14",35.260438,128.63215,"기본 30분 500원","8시~24시",0,924,3225.553333,20,NA,NA,0.187179987007841,0.557856082215252,-2.28327466967904,-1.17416175528883,0.326837859803831,-0.351808273940589,132.626292301185,"C",3
"330","414-4-000169","유)천주산골프랜드","경상남도 창원시 의창구 북면 동전로",35.306825,128.599775,"기본 30분 500원","8시~24시",0,895,4169.76238085714,72,NA,NA,0.198501667596338,-0.19000326983221,-2.28327466967904,-1.17416175528883,0.326837859803831,-0.657145720487977,122.207541121121,"D",4
"331","414-4-000173","북면주차장","경상남도 창원시 의창구 북면 천주로(민속두부마을인근)",35.343527,128.608283,"기본 30분 500원","8시~24시",0,94,25.5190476214286,40,NA,NA,0.511214293506204,0.270217869889305,-2.28327466967904,-1.17416175528883,0.326837859803831,0.683015846606728,143.338494448382,"C",3
"332","414-4-000161","소계주차장","경상남도 창원시 의창구 소계로90번길",35.258087,128.600523,"기본 30분 500원","8시~24시",1,262,1130.995833,29,NA,NA,0.445626626648704,0.428418886668576,-2.28327466967904,-1.17416175528883,-0.565680911198937,0.325527788606275,131.764559657567,"C",3
"333","414-4-000162","토월 주차장","경상남도 창원시 의창구 신월로 37",35.228704,128.692314,"기본 30분 500원","8시~24시",0,3053,3160.37476214286,9,NA,NA,-0.643987529299406,0.716057098994523,-2.28327466967904,-1.17416175528883,0.326837859803831,-0.330730888121957,126.107401164091,"C",3
"334","414-4-000170","배정 빌딩","경상남도 창원시 의창구 용지로 145",35.228483,128.680349,"기본 30분 500원","8시~24시",3,5267,13949.5800014286,14,NA,NA,-1.50833928181432,0.644147545913036,-2.28327466967904,-1.17416175528883,-2.35071845320447,-3.81973407604484,55.0791930988154,"F",5
"335","414-4-000177","고려야간주차장","경상남도 창원시 의창구 원이대로 279-19",35.242283,128.650919,"기본 30분 500원","8시~24시",0,2712,6010.26440485714,13,NA,NA,-0.510860181689837,0.658529456529333,-2.28327466967904,-1.17416175528883,0.326837859803831,-1.25232555873338,117.647451509421,"D",4
"336","414-4-000175","정우상가유료주차장","경상남도 창원시 의창구 원이대로 587",35.228371,128.679447,"기본 30분 500원","8시~24시",3,3722,15136.3129771429,20,NA,NA,-0.905166988392665,0.557856082215252,-2.28327466967904,-1.17416175528883,-2.35071845320447,-4.20349868554581,56.4103553010443,"F",5
"337","414-4-000176","명서시장주차장","경상남도 창원시 의창구 원이대로189번길",35.248981,128.64474,"기본 30분 500원","8시~24시",0,1344,2196.95666642857,67,NA,NA,0.0232108198640914,-0.118093716750723,-2.28327466967904,-1.17416175528883,0.326837859803831,-0.0191816374866737,127.553369004627,"C",3
"338","414-4-000159","고려 주차장","경상남도 창원시 의창구 원이대로261번길",35.245581,128.651092,"기본 30분 500원","8시~24시",0,695,1048.84178571429,25,NA,NA,0.276582223379076,0.485946529133765,-2.28327466967904,-1.17416175528883,0.326837859803831,0.352094688254909,139.840248756037,"C",3
"339","414-4-000171","성암빌딩","경상남도 창원시 의창구 원이대로589번길 2",35.228178,128.680083,"기본 30분 500원","8시~24시",3,4889,14743.7789285714,11,0,0,-1.36076703138494,0.687293277761928,-2.28327466967904,-1.17416175528883,-2.35071845320447,-4.07656138882564,54.41809979379,"F",5
"340","414-4-000158","초원 주차장","경상남도 창원시 의창구 읍성로 95-1",35.264513,128.628445,"기본 30분 500원","8시~24시",0,2020,1354.89809557143,12,NA,NA,-0.240701458681563,0.67291136714563,-2.28327466967904,-1.17416175528883,0.326837859803831,0.25312248250918,135.547338258092,"C",3
"341","414-4-000154","소답종로 주차장","경상남도 창원시 의창구 읍성로34번길 10-1",35.264096,128.621969,"기본 30분 500원","8시~24시",0,7289,2532.59142857143,18,NA,NA,-2.2977337007778,0.586619903447847,-2.28327466967904,-1.17416175528883,0.326837859803831,-0.127718895711237,110.305687417948,"D",4
"342","414-4-000166","소답 주차장","경상남도 창원시 의창구 의안로18번길 29-1",35.262979,128.627071,"기본 30분 500원","8시~24시",0,1776,1849.45940442857,6,NA,NA,-0.145443180626623,0.759202830843415,-2.28327466967904,-1.17416175528883,0.326837859803831,0.0931917049443154,135.763527899971,"C",3
"343","414-4-000167","대성 주차장","경상남도 창원시 의창구 의안로18번길 7",35.263136,128.624665,"기본 30분 500원","8시~24시",0,1420,1584.08833357143,10,NA,NA,-0.0064597913333491,0.701675188378225,-2.28327466967904,-1.17416175528883,0.326837859803831,0.179007155820322,137.436239877012,"C",3
"344","414-4-000181","KTX창원역 제 2 주차장","경상남도 창원시 의창구 의창대로 51-11",35.255987,128.605291,"기본 30분 500원","8시~24시",0,408,3795.99761914286,42,NA,NA,0.388627820927306,0.24145404865671,-2.28327466967904,-1.17416175528883,0.326837859803831,-0.536278018351215,129.632052860688,"C",3
"345","414-4-000157","창원역광장주차장","경상남도 창원시 의창구 의창대로 67",35.257935,128.606866,"기본 30분 500원","8시~24시",0,1090,2741.27964271429,62,NA,NA,0.122373125708169,-0.0461841636692364,-2.28327466967904,-1.17416175528883,0.326837859803831,-0.195204296932001,127.503860999429,"C",3
"346","414-4-000156","성원 주차장","경상남도 창원시 의창구 의창대로 914-1",35.268526,128.645391,"기본 30분 500원","8시~24시",0,0,96.1695238,8,NA,NA,0.547912154724091,0.73043900961082,-2.28327466967904,-1.17416175528883,0.326837859803831,0.660168961118097,148.07921560289,"C",3
"347","414-4-000168","경남주차장","경상남도 창원시 의창구 의창대로156번길 20",35.260159,128.614443,"기본 30분 500원","8시~24시",0,1136,3470.04416657143,15,NA,NA,0.104414597878139,0.629765635296739,-2.28327466967904,-1.17416175528883,0.326837859803831,-0.4308714930406,131.727101749702,"C",3
"348","414-4-000174","뉴금호주차장","경상남도 창원시 의창구 의창대로289번길",35.263345,128.629613,"기본 30분 500원","8시~24시",0,285,952.467500014286,74,NA,NA,0.43664736273369,-0.218767091064804,-2.28327466967904,-1.17416175528883,0.326837859803831,0.383260115418787,134.705418219236,"C",3
"349","414-4-000182","사계절 유료주차장","경상남도 창원시 의창구 지귀로24번길 21~22",35.244315,128.651869,"기본 30분 500원","8시~24시",0,1595,2291.54571428571,18,NA,NA,-0.0747802776432449,0.586619903447847,-2.28327466967904,-1.17416175528883,0.326837859803831,-0.0497697560919707,133.314713045486,"C",3
"350","414-4-000165","종합 주차장","경상남도 창원시 의창구 창원대로 5",35.254972,128.606382,"기본 30분 500원","8시~24시",0,2342,9535.34904771429,16,NA,NA,-0.366411153491772,0.615383724680441,-2.28327466967904,-1.17416175528883,0.326837859803831,-2.39226416253742,107.261098434872,"D",4
"351","414-4-000180","창원문성대학 주차장","경상남도 창원시 의창구 창원천로94번길",35.237872,128.657382,"기본 30분 500원","8시~24시",0,847,1589.34714271429,513,NA,NA,0.217241000984196,-6.53242585161934,-2.28327466967904,-1.17416175528883,0.326837859803831,0.177306566994993,67.3152315119581,"F",5
"352","414-4-000178","언양각 식당 주차장","경상남도 창원시 의창구 창이대로492번길",35.236703,128.687285,"기본 30분 500원","8시~24시",0,2045,3935.55226157143,7,NA,NA,-0.250461528154406,0.744820920227117,-2.28327466967904,-1.17416175528883,0.326837859803831,-0.581407069242729,127.823537576659,"C",3
"353","414-4-000179","더원 주차장","경상남도 창원시 의창구 창이대로81번길 8",35.240037,128.647869,"기본 30분 500원","8시~24시",0,207,6739.49333357143,14,NA,NA,0.467098779488957,0.644147545913036,-2.28327466967904,-1.17416175528883,0.326837859803831,-1.48814293365414,124.925048265838,"D",4
"354","414-4-000163","도계 주차장","경상남도 창원시 의창구 태복산로3번길",35.254045,128.637644,"기본 30분 500원","8시~24시",0,543,6724.00392857143,20,NA,NA,0.335923445773957,0.557856082215252,-2.28327466967904,-1.17416175528883,0.326837859803831,-1.48313398422502,122.800469786002,"D",4
"355","414-4-000172","팔용종합상가 번영회 주차장","경상남도 창원시 의창구 팔용로 438",35.255297,128.613451,"기본 30분 500원","8시~24시",1,15099,16161.4988128571,98,NA,NA,-5.34677940409372,-0.563932945855941,-2.28327466967904,-1.17416175528883,-0.565680911198937,-4.53502233067922,15.3114798320431,"F",5
